name,start,end,location
Fwd-sRNA-0,115,182,Sense to gene-Rv0001
Fwd-sRNA-1,222,244,Sense to gene-Rv0001
Fwd-sRNA-7,5324,5423,Sense to gene-Rv0005
Fwd-sRNA-8,5447,5498,Sense to gene-Rv0005
Fwd-sRNA-10,6241,6265,Sense to gene-Rv0005
Fwd-sRNA-11,6271,6378,Sense to gene-Rv0005
Fwd-sRNA-12,7167,7199,Sense to gene-Rv0005
Fwd-sRNA-15,7394,7414,Sense to gene-Rv0006
Fwd-sRNA-17,7478,7540,Sense to gene-Rv0006
Fwd-sRNA-20,7715,7812,Sense to gene-Rv0006
Fwd-sRNA-21,7894,8030,Sense to gene-Rv0006
Fwd-sRNA-22,8038,8103,Sense to gene-Rv0006
Fwd-sRNA-25,8192,8217,Sense to gene-Rv0006
Fwd-sRNA-26,8472,8641,Sense to gene-Rv0006
Fwd-sRNA-28,9210,9259,Sense to gene-Rv0006
Fwd-sRNA-29,9808,9880,Intergenic
Fwd-sRNA-30,10880,11187,Intergenic
Fwd-sRNA-31,11238,11286,Intergenic
Fwd-sRNA-33,12649,12670,Sense to gene-Rv0009
Fwd-sRNA-35,12707,12775,Sense to gene-Rv0009
Fwd-sRNA-36,12847,13082,Sense to gene-Rv0009
Fwd-sRNA-37,24729,24781,Antisense to gene-Rv0020c
Fwd-sRNA-38,25628,25868,Intergenic
Fwd-sRNA-39,41324,41378,Sense to gene-Rv0038
Fwd-sRNA-41,41394,41448,Sense to gene-Rv0038
Fwd-sRNA-42,50564,50898,Antisense to gene-Rv0046c
Fwd-sRNA-43,51001,51121,Antisense to gene-Rv0046c
Fwd-sRNA-44,52717,52774,Intergenic
Fwd-sRNA-45,52810,52870,Sense to gene-Rv0049
Fwd-sRNA-49,52952,53082,Sense to gene-Rv0049
Fwd-sRNA-50,57334,57405,Sense to gene-Rv0051
Fwd-sRNA-52,58117,58196,Intergenic
Fwd-sRNA-53,58203,58348,Sense to gene-Rv0053
Fwd-sRNA-55,58976,59045,Sense to gene-Rv0054
Fwd-sRNA-56,59090,59125,Intergenic
Fwd-sRNA-57,59223,59353,Sense to gene-Rv0055
Fwd-sRNA-60,59582,59645,Sense to gene-Rv0056
Fwd-sRNA-61,59815,59849,Sense to gene-Rv0056
Fwd-sRNA-62,60371,60443,Sense to gene-Rv0058
Fwd-sRNA-63,60608,60712,Sense to gene-Rv0058
Fwd-sRNA-65,61520,61541,Sense to gene-Rv0058
Fwd-sRNA-67,61929,62008,Sense to gene-Rv0058
Fwd-sRNA-68,67774,67813,Sense to gene-Rv0063
Fwd-sRNA-69,75228,75274,Intergenic
Fwd-sRNA-70,80240,80341,Intergenic
Fwd-sRNA-71,80405,80441,Intergenic
Fwd-sRNA-72,88014,88117,Intergenic
Fwd-sRNA-73,88167,88289,Sense to gene-Rv0079
Fwd-sRNA-76,125041,125106,Sense to gene-Rv0106
Fwd-sRNA-77,136660,136709,Sense to gene-Rv0112
Fwd-sRNA-79,136832,136903,Sense to gene-Rv0112
Fwd-sRNA-80,137299,137347,Sense to gene-Rv0113
Fwd-sRNA-81,139707,139760,Intergenic
Fwd-sRNA-82,144415,144481,Sense to gene-Rv0119
Fwd-sRNA-83,152093,152123,Sense to gene-Rv0125
Fwd-sRNA-85,154705,154793,Sense to gene-Rv0127
Fwd-sRNA-86,156257,156305,Sense to gene-Rv0128
Fwd-sRNA-88,156452,156570,Intergenic
Fwd-sRNA-89,161228,161298,Sense to gene-Rv0133
Fwd-sRNA-91,161427,161574,Intergenic
Fwd-sRNA-92,162468,162592,Sense to gene-Rv0134
Fwd-sRNA-93,162598,162621,Sense to gene-Rv0134
Fwd-sRNA-94,166261,166379,Sense to gene-Rv0139
Fwd-sRNA-95,170843,170965,Sense to gene-Rv0144
Fwd-sRNA-96,171089,171137,Sense to gene-Rv0144
Fwd-sRNA-97,171146,172322,Sense to gene-Rv0145
Fwd-sRNA-98,172345,172471,Sense to gene-Rv0146
Fwd-sRNA-99,172488,172570,Sense to gene-Rv0146
Fwd-sRNA-100,172595,172618,Sense to gene-Rv0146
Fwd-sRNA-101,172632,172772,Sense to gene-Rv0146
Fwd-sRNA-102,172791,172858,Sense to gene-Rv0146
Fwd-sRNA-103,172945,173068,Sense to gene-Rv0146
Fwd-sRNA-104,173139,173401,Sense to gene-Rv0147
Fwd-sRNA-105,173410,173543,Sense to gene-Rv0147
Fwd-sRNA-106,173731,174117,Sense to gene-Rv0147
Fwd-sRNA-108,174212,174268,Sense to gene-Rv0147
Fwd-sRNA-112,174337,174373,Sense to gene-Rv0147
Fwd-sRNA-114,174452,174511,Sense to gene-Rv0147
Fwd-sRNA-117,174754,174962,Sense to gene-Rv0148
Fwd-sRNA-119,175201,175282,Sense to gene-Rv0148
Fwd-sRNA-120,175306,175353,Sense to gene-Rv0148
Fwd-sRNA-121,175362,175405,Sense to gene-Rv0148
Fwd-sRNA-122,176676,176786,Antisense to gene-Rv0150c
Fwd-sRNA-123,177238,177287,Intergenic
Fwd-sRNA-124,184635,184717,Sense to gene-Rv0155
Fwd-sRNA-125,185742,185792,Sense to gene-Rv0157
Fwd-sRNA-126,186287,186344,Sense to gene-Rv0157
Fwd-sRNA-127,186500,186539,Antisense to gene-Rv0157A
Fwd-sRNA-128,186974,187115,Sense to gene-Rv0158
Fwd-sRNA-132,197126,197210,Sense to gene-Rv0167
Fwd-sRNA-133,200574,200712,Sense to gene-Rv0170
Fwd-sRNA-134,201685,201838,Sense to gene-Rv0171
Fwd-sRNA-135,203950,204034,Sense to gene-Rv0172
Fwd-sRNA-136,205036,205076,Sense to gene-Rv0173
Fwd-sRNA-137,206245,206347,Sense to gene-Rv0174
Fwd-sRNA-138,206392,206500,Sense to gene-Rv0174
Fwd-sRNA-139,206712,207015,Sense to gene-Rv0175
Fwd-sRNA-141,207154,207233,Sense to gene-Rv0175
Fwd-sRNA-144,207476,207622,Sense to gene-Rv0176
Fwd-sRNA-145,208480,208547,Sense to gene-Rv0177
Fwd-sRNA-146,209342,209410,Sense to gene-Rv0178
Fwd-sRNA-147,209683,209800,Antisense to gene-Rv0179c
Fwd-sRNA-148,211325,211365,Antisense to gene-Rv0180c
Fwd-sRNA-150,214087,214249,Sense to gene-Rv0183
Fwd-sRNA-153,215415,215455,Sense to gene-Rv0184
Fwd-sRNA-154,218318,218380,Intergenic
Fwd-sRNA-155,222224,222281,Intergenic
Fwd-sRNA-156,223943,224018,Sense to gene-Rv0192
Fwd-sRNA-157,234319,234366,Sense to gene-Rv0197
Fwd-sRNA-158,234460,234492,Sense to gene-Rv0197
Fwd-sRNA-159,237708,237759,Sense to gene-Rv0200
Fwd-sRNA-160,247357,247429,Antisense to gene-Rv0207c
Fwd-sRNA-162,247508,247532,Antisense to gene-Rv0207c
Fwd-sRNA-163,251743,251897,Sense to gene-Rv0211
Fwd-sRNA-164,251935,252425,Sense to gene-Rv0211
Fwd-sRNA-165,252573,253042,Sense to gene-Rv0211
Fwd-sRNA-166,253323,253419,Sense to gene-Rv0211
Fwd-sRNA-167,253429,253671,Sense to gene-Rv0211
Fwd-sRNA-171,262873,263039,Sense to gene-Rv0220
Fwd-sRNA-172,263502,263570,Sense to gene-Rv0220
Fwd-sRNA-174,269305,269329,Sense to gene-Rv0225
Fwd-sRNA-175,279483,279509,Sense to gene-Rv0233
Fwd-sRNA-178,288772,288856,Sense to gene-Rv0238
Fwd-sRNA-180,289087,289211,Sense to gene-Rv0239
Fwd-sRNA-181,289221,289287,Sense to gene-Rv0239
Fwd-sRNA-182,292134,292225,Sense to gene-Rv0243
Fwd-sRNA-183,292633,292676,Sense to gene-Rv0243
Fwd-sRNA-184,292770,292795,Sense to gene-Rv0243
Fwd-sRNA-186,292843,293359,Sense to gene-Rv0243
Fwd-sRNA-187,293527,293791,Intergenic
Fwd-sRNA-188,295966,296075,Sense to gene-Rv0245
Fwd-sRNA-189,298918,299063,Antisense to gene-Rv0248c
Fwd-sRNA-192,307974,308092,Antisense to gene-Rv0256c
Fwd-sRNA-196,325062,325121,Sense to gene-Rv0270
Fwd-sRNA-197,331870,332004,Sense to gene-Rv0276
Fwd-sRNA-198,332136,332258,Sense to gene-Rv0276
Fwd-sRNA-200,332418,332496,Sense to gene-Rv0276
Fwd-sRNA-201,337332,337388,Antisense to gene-Rv0279c
Fwd-sRNA-204,339598,339711,Sense to gene-Rv0280
Fwd-sRNA-205,339987,340113,Sense to gene-Rv0280
Fwd-sRNA-206,340746,340831,Sense to gene-Rv0280
Fwd-sRNA-207,341678,341802,Sense to gene-Rv0281
Fwd-sRNA-209,341821,341873,Sense to gene-Rv0281
Fwd-sRNA-210,341967,342260,Intergenic
Fwd-sRNA-211,342314,342393,Sense to gene-Rv0282
Fwd-sRNA-212,342718,342949,Sense to gene-Rv0282
Fwd-sRNA-213,343001,343108,Sense to gene-Rv0282
Fwd-sRNA-214,343121,343327,Sense to gene-Rv0282
Fwd-sRNA-215,343417,343634,Sense to gene-Rv0282
Fwd-sRNA-216,343687,343901,Sense to gene-Rv0282
Fwd-sRNA-218,344114,344157,Sense to gene-Rv0283
Fwd-sRNA-219,344170,344289,Sense to gene-Rv0283
Fwd-sRNA-220,344405,344438,Sense to gene-Rv0283
Fwd-sRNA-221,344464,344588,Sense to gene-Rv0283
Fwd-sRNA-222,344809,344967,Sense to gene-Rv0283
Fwd-sRNA-224,345045,345186,Sense to gene-Rv0283
Fwd-sRNA-225,345198,345296,Sense to gene-Rv0283
Fwd-sRNA-226,345341,345374,Sense to gene-Rv0283
Fwd-sRNA-229,345438,345522,Sense to gene-Rv0283
Fwd-sRNA-231,345588,345642,Sense to gene-Rv0283
Fwd-sRNA-232,345651,345787,Sense to gene-Rv0284
Fwd-sRNA-233,345897,345944,Sense to gene-Rv0284
Fwd-sRNA-234,345954,346247,Sense to gene-Rv0284
Fwd-sRNA-235,346478,346630,Sense to gene-Rv0284
Fwd-sRNA-236,346637,346821,Sense to gene-Rv0284
Fwd-sRNA-239,347420,347518,Sense to gene-Rv0284
Fwd-sRNA-240,347577,347611,Sense to gene-Rv0284
Fwd-sRNA-241,347620,347716,Sense to gene-Rv0284
Fwd-sRNA-242,347730,347839,Sense to gene-Rv0284
Fwd-sRNA-243,347901,347945,Sense to gene-Rv0284
Fwd-sRNA-244,348085,348119,Sense to gene-Rv0284
Fwd-sRNA-245,348163,348414,Sense to gene-Rv0284
Fwd-sRNA-246,348462,348483,Sense to gene-Rv0284
Fwd-sRNA-247,348634,348686,Sense to gene-Rv0284
Fwd-sRNA-248,348705,348739,Sense to gene-Rv0284
Fwd-sRNA-249,348938,349000,Sense to gene-Rv0284
Fwd-sRNA-250,349090,349312,Sense to gene-Rv0284
Fwd-sRNA-251,349326,349420,Sense to gene-Rv0284
Fwd-sRNA-252,349426,349519,Sense to gene-Rv0284
Fwd-sRNA-253,349775,349875,Sense to gene-Rv0285
Fwd-sRNA-254,350431,350451,Sense to gene-Rv0286
Fwd-sRNA-256,350854,350911,Sense to gene-Rv0286
Fwd-sRNA-257,351467,351599,Sense to gene-Rv0287
Fwd-sRNA-260,351664,351843,Sense to gene-Rv0287
Fwd-sRNA-261,352065,352313,Sense to gene-Rv0289
Fwd-sRNA-262,352648,352698,Sense to gene-Rv0289
Fwd-sRNA-263,352775,352898,Sense to gene-Rv0289
Fwd-sRNA-264,353258,353371,Sense to gene-Rv0290
Fwd-sRNA-265,354783,354946,Sense to gene-Rv0291
Fwd-sRNA-266,355081,355275,Sense to gene-Rv0291
Fwd-sRNA-267,355348,355424,Sense to gene-Rv0291
Fwd-sRNA-269,355458,355687,Sense to gene-Rv0291
Fwd-sRNA-270,355885,355928,Sense to gene-Rv0292
Fwd-sRNA-271,356053,356150,Sense to gene-Rv0292
Fwd-sRNA-272,356610,356673,Sense to gene-Rv0292
Fwd-sRNA-273,361265,361301,Intergenic
Fwd-sRNA-276,361339,361496,Sense to gene-Rv0297
Fwd-sRNA-277,363252,363303,Intergenic
Fwd-sRNA-278,363333,363379,Sense to gene-Rv0298
Fwd-sRNA-280,363623,363718,Sense to gene-Rv0299
Fwd-sRNA-281,363838,363941,Sense to gene-Rv0300
Fwd-sRNA-282,364054,364085,Sense to gene-Rv0301
Fwd-sRNA-283,377195,377314,Sense to gene-Rv0308
Fwd-sRNA-284,378115,378253,Sense to gene-Rv0309
Fwd-sRNA-285,378291,378332,Sense to gene-Rv0309
Fwd-sRNA-286,382540,382605,Sense to gene-Rv0313
Fwd-sRNA-287,382642,382675,Sense to gene-Rv0313
Fwd-sRNA-288,382877,382979,Antisense to gene-Rv0314c
Fwd-sRNA-289,383611,383810,Sense to gene-Rv0315
Fwd-sRNA-290,383954,384078,Sense to gene-Rv0315
Fwd-sRNA-291,384121,384266,Sense to gene-Rv0315
Fwd-sRNA-292,384339,384417,Sense to gene-Rv0315
Fwd-sRNA-293,384580,384621,Sense to gene-Rv0316
Fwd-sRNA-294,396221,396268,Sense to gene-Rv0331
Fwd-sRNA-295,408754,408824,Sense to gene-Rv0340
Fwd-sRNA-296,409385,409446,Sense to gene-Rv0341
Fwd-sRNA-297,409939,410025,Sense to gene-Rv0341
Fwd-sRNA-298,410446,410521,Sense to gene-Rv0341
Fwd-sRNA-299,410617,410682,Sense to gene-Rv0341
Fwd-sRNA-301,410714,410866,Sense to gene-Rv0341
Fwd-sRNA-302,411178,411222,Sense to gene-Rv0342
Fwd-sRNA-304,414170,414254,Sense to gene-Rv0343
Fwd-sRNA-305,418859,418892,Sense to gene-Rv0348
Fwd-sRNA-306,419799,419827,Intergenic
Fwd-sRNA-307,419888,419911,Sense to gene-Rv0350
Fwd-sRNA-308,421726,421960,Sense to gene-Rv0351
Fwd-sRNA-309,422559,422820,Sense to gene-Rv0352
Fwd-sRNA-310,422906,422963,Sense to gene-Rv0352
Fwd-sRNA-312,424172,424219,Intergenic
Fwd-sRNA-314,438840,438893,Sense to gene-Rv0361
Fwd-sRNA-315,438955,439074,Sense to gene-Rv0361
Fwd-sRNA-316,439678,439701,Intergenic
Fwd-sRNA-320,471297,471350,Antisense to gene-Rv0392c
Fwd-sRNA-322,498542,498656,Antisense to gene-Rv0412c
Fwd-sRNA-323,501057,501180,Intergenic
Fwd-sRNA-324,505157,505180,Sense to gene-Rv0419
Fwd-sRNA-325,505188,505306,Sense to gene-Rv0419
Fwd-sRNA-326,506402,506459,Sense to gene-Rv0419
Fwd-sRNA-327,518934,519022,Sense to gene-Rv0430
Fwd-sRNA-328,519138,519201,Sense to gene-Rv0431
Fwd-sRNA-329,519762,519920,Sense to gene-Rv0432
Fwd-sRNA-330,521017,521226,Sense to gene-Rv0433
Fwd-sRNA-332,530097,530288,Sense to gene-Rv0440
Fwd-sRNA-334,530572,530595,Antisense to gene-Rv0441c
Fwd-sRNA-335,530601,530643,Antisense to gene-Rv0441c
Fwd-sRNA-336,530649,530684,Antisense to gene-Rv0441c
Fwd-sRNA-337,532755,532856,Sense to gene-Rv0443
Fwd-sRNA-338,534321,534377,Antisense to gene-Rv0445c
Fwd-sRNA-339,542160,542333,Sense to gene-Rv0452
Fwd-sRNA-340,542505,542531,Sense to gene-Rv0452
Fwd-sRNA-342,552333,552399,Sense to gene-Rv0461
Fwd-sRNA-344,553775,553844,Sense to gene-Rv0462
Fwd-sRNA-345,553988,554055,Sense to gene-Rv0463
Fwd-sRNA-346,554470,554569,Antisense to gene-Rv0464c
Fwd-sRNA-347,556488,556509,Sense to gene-Rv0466
Fwd-sRNA-349,557257,557287,Intergenic
Fwd-sRNA-350,557438,557524,Intergenic
Fwd-sRNA-351,557530,557600,Sense to gene-Rv0467
Fwd-sRNA-352,557757,557836,Sense to gene-Rv0467
Fwd-sRNA-353,557908,557978,Sense to gene-Rv0467
Fwd-sRNA-354,558190,558420,Sense to gene-Rv0467
Fwd-sRNA-357,558619,558691,Sense to gene-Rv0467
Fwd-sRNA-358,558703,558779,Sense to gene-Rv0467
Fwd-sRNA-359,558788,558888,Intergenic
Fwd-sRNA-360,559985,560028,Sense to gene-Rv0469
Fwd-sRNA-361,560327,560347,Sense to gene-Rv0469
Fwd-sRNA-362,563580,563654,Sense to gene-Rv0473
Fwd-sRNA-363,565397,565486,Sense to gene-Rv0474
Fwd-sRNA-365,565774,565800,Intergenic
Fwd-sRNA-368,565989,566110,Sense to gene-Rv0475
Fwd-sRNA-369,566213,566458,Sense to gene-Rv0475
Fwd-sRNA-370,566843,566965,Sense to gene-Rv0477
Fwd-sRNA-371,568356,568429,Antisense to gene-Rv0479c
Fwd-sRNA-373,571331,571377,Sense to gene-Rv0482
Fwd-sRNA-374,571749,572375,Sense to gene-Rv0483
Fwd-sRNA-376,572434,572455,Sense to gene-Rv0483
Fwd-sRNA-377,572463,572599,Sense to gene-Rv0483
Fwd-sRNA-378,572771,573029,Sense to gene-Rv0483
Fwd-sRNA-379,573842,573990,Intergenic
Fwd-sRNA-380,574019,574266,Sense to gene-Rv0485
Fwd-sRNA-381,574299,575018,Sense to gene-Rv0485
Fwd-sRNA-383,575093,575423,Sense to gene-Rv0485
Fwd-sRNA-384,575473,575600,Sense to gene-Rv0486
Fwd-sRNA-385,575610,575815,Sense to gene-Rv0486
Fwd-sRNA-388,579290,579419,Sense to gene-Rv0490
Fwd-sRNA-389,579923,580025,Sense to gene-Rv0490
Fwd-sRNA-390,580125,580156,Sense to gene-Rv0490
Fwd-sRNA-391,581500,581603,Antisense to gene-Rv0492c
Fwd-sRNA-392,586720,586883,Sense to gene-Rv0496
Fwd-sRNA-393,589486,589545,Sense to gene-Rv0499
Fwd-sRNA-394,591070,591097,Intergenic
Fwd-sRNA-395,591332,591379,Intergenic
Fwd-sRNA-396,591456,591751,Intergenic
Fwd-sRNA-397,593791,593883,Sense to gene-Rv0502
Fwd-sRNA-398,596671,596695,Intergenic
Fwd-sRNA-399,600522,600835,Sense to gene-Rv0509
Fwd-sRNA-400,601045,601250,Sense to gene-Rv0509
Fwd-sRNA-401,601386,601487,Sense to gene-Rv0509
Fwd-sRNA-402,601604,601703,Sense to gene-Rv0509
Fwd-sRNA-406,601804,601997,Sense to gene-Rv0510
Fwd-sRNA-407,602295,602761,Sense to gene-Rv0510
Fwd-sRNA-408,602818,602887,Sense to gene-Rv0511
Fwd-sRNA-409,602954,603021,Sense to gene-Rv0511
Fwd-sRNA-411,603198,603226,Sense to gene-Rv0511
Fwd-sRNA-412,603278,603403,Sense to gene-Rv0511
Fwd-sRNA-413,603415,603630,Sense to gene-Rv0511
Fwd-sRNA-414,603700,603813,Sense to gene-Rv0511
Fwd-sRNA-415,603951,604012,Sense to gene-Rv0511
Fwd-sRNA-416,604019,604046,Sense to gene-Rv0511
Fwd-sRNA-417,604282,604577,Sense to gene-Rv0511
Fwd-sRNA-418,604605,604718,Sense to gene-Rv0512
Fwd-sRNA-419,604753,604792,Sense to gene-Rv0512
Fwd-sRNA-420,604927,605069,Sense to gene-Rv0512
Fwd-sRNA-421,605225,605256,Sense to gene-Rv0512
Fwd-sRNA-422,605584,605733,Sense to gene-Rv0513
Fwd-sRNA-423,605903,605970,Sense to gene-Rv0513
Fwd-sRNA-425,606054,606129,Sense to gene-Rv0513
Fwd-sRNA-426,608018,608122,Antisense to gene-Rv0516c
Fwd-sRNA-428,610188,610291,Intergenic
Fwd-sRNA-429,612908,612955,Intergenic
Fwd-sRNA-430,615154,615276,Sense to gene-Rv0524
Fwd-sRNA-431,615290,615355,Sense to gene-Rv0524
Fwd-sRNA-432,615499,615624,Sense to gene-Rv0524
Fwd-sRNA-434,616014,616104,Sense to gene-Rv0524
Fwd-sRNA-436,616720,616835,Sense to gene-Rv0525
Fwd-sRNA-437,619015,619131,Sense to gene-Rv0528
Fwd-sRNA-438,620922,621045,Sense to gene-Rv0530
Fwd-sRNA-440,621299,621420,Sense to gene-Rv0530
Fwd-sRNA-441,626751,626809,Sense to gene-Rv0535
Fwd-sRNA-442,630497,630564,Sense to gene-Rv0538
Fwd-sRNA-446,646162,646209,Sense to gene-Rv0554
Fwd-sRNA-447,646234,646307,Intergenic
Fwd-sRNA-448,646345,646430,Sense to gene-Rv0555
Fwd-sRNA-449,646613,646736,Sense to gene-Rv0555
Fwd-sRNA-450,647042,647081,Sense to gene-Rv0555
Fwd-sRNA-451,647340,647411,Sense to gene-Rv0555
Fwd-sRNA-452,648346,648399,Sense to gene-Rv0556
Fwd-sRNA-454,649733,649954,Sense to gene-Rv0558
Fwd-sRNA-458,652862,652985,Sense to gene-Rv0562
Fwd-sRNA-459,653259,653374,Sense to gene-Rv0562
Fwd-sRNA-460,653832,653957,Sense to gene-Rv0563
Fwd-sRNA-462,654689,654734,Sense to gene-Rv0563
Fwd-sRNA-463,654761,654797,Intergenic
Fwd-sRNA-464,658150,658192,Sense to gene-Rvnt05
Fwd-sRNA-465,658209,658231,Intergenic
Fwd-sRNA-466,658269,658318,Intergenic
Fwd-sRNA-467,658387,658422,Sense to gene-Rv0567
Fwd-sRNA-469,659371,659408,Intergenic
Fwd-sRNA-470,659449,659474,Sense to gene-Rv0568
Fwd-sRNA-472,659619,659706,Sense to gene-Rv0568
Fwd-sRNA-473,660230,660335,Sense to gene-Rv0568
Fwd-sRNA-474,660495,660608,Sense to gene-Rv0568
Fwd-sRNA-476,671969,672016,Intergenic
Fwd-sRNA-477,684415,684534,Sense to gene-Rv0586
Fwd-sRNA-478,684744,684830,Sense to gene-Rv0586
Fwd-sRNA-479,684978,685068,Sense to gene-Rv0586
Fwd-sRNA-480,685392,685473,Sense to gene-Rv0587
Fwd-sRNA-481,694069,694232,Sense to gene-Rv0594
Fwd-sRNA-482,701436,701503,Sense to gene-Rv0605
Fwd-sRNA-483,704187,704246,Intergenic
Fwd-sRNA-484,716410,716530,Intergenic
Fwd-sRNA-488,718294,718325,Sense to gene-Rv0627
Fwd-sRNA-490,718452,718573,Sense to gene-Rv0627
Fwd-sRNA-491,731457,731720,Intergenic
Fwd-sRNA-493,731947,732002,Sense to gene-Rv0635
Fwd-sRNA-494,732181,732341,Sense to gene-Rv0635
Fwd-sRNA-495,732448,732629,Sense to gene-Rv0636
Fwd-sRNA-496,732712,732993,Sense to gene-Rv0637
Fwd-sRNA-497,733285,733599,Intergenic
Fwd-sRNA-498,733672,733730,Intergenic
Fwd-sRNA-499,733834,733882,Sense to gene-Rv0638
Fwd-sRNA-500,733888,733944,Sense to gene-Rv0638
Fwd-sRNA-502,733990,734383,Sense to gene-Rv0638
Fwd-sRNA-503,734414,734659,Sense to gene-Rv0639
Fwd-sRNA-504,734800,734953,Sense to gene-Rv0639
Fwd-sRNA-505,734966,735151,Sense to gene-Rv0640
Fwd-sRNA-508,735379,735526,Intergenic
Fwd-sRNA-509,735601,735695,Sense to gene-Rv0641
Fwd-sRNA-510,735712,735776,Sense to gene-Rv0641
Fwd-sRNA-512,735795,735907,Sense to gene-Rv0641
Fwd-sRNA-514,736002,736284,Sense to gene-Rv0641
Fwd-sRNA-515,748060,748205,Intergenic
Fwd-sRNA-516,748225,748392,Sense to gene-Rv0651
Fwd-sRNA-517,748522,748752,Sense to gene-Rv0651
Fwd-sRNA-518,748823,748854,Intergenic
Fwd-sRNA-520,749076,749096,Sense to gene-Rv0652
Fwd-sRNA-521,749103,749126,Sense to gene-Rv0652
Fwd-sRNA-522,749160,749217,Sense to gene-Rv0652
Fwd-sRNA-524,749350,749399,Antisense to gene-Rv0653c
Fwd-sRNA-525,749406,749462,Antisense to gene-Rv0653c
Fwd-sRNA-528,756767,756834,Sense to gene-Rv0663
Fwd-sRNA-529,759480,759746,Intergenic
Fwd-sRNA-530,759945,760003,Sense to gene-Rv0667
Fwd-sRNA-531,760009,760035,Sense to gene-Rv0667
Fwd-sRNA-533,760082,760181,Sense to gene-Rv0667
Fwd-sRNA-535,760219,760311,Sense to gene-Rv0667
Fwd-sRNA-536,760369,760557,Sense to gene-Rv0667
Fwd-sRNA-537,760583,760634,Sense to gene-Rv0667
Fwd-sRNA-538,760645,760678,Sense to gene-Rv0667
Fwd-sRNA-539,760709,761614,Sense to gene-Rv0667
Fwd-sRNA-542,761763,762217,Sense to gene-Rv0667
Fwd-sRNA-543,762274,762304,Sense to gene-Rv0667
Fwd-sRNA-544,762359,762867,Sense to gene-Rv0667
Fwd-sRNA-545,762885,763007,Sense to gene-Rv0667
Fwd-sRNA-546,763170,763267,Sense to gene-Rv0667
Fwd-sRNA-547,763460,763749,Sense to gene-Rv0668
Fwd-sRNA-548,763759,763844,Sense to gene-Rv0668
Fwd-sRNA-550,764086,764376,Sense to gene-Rv0668
Fwd-sRNA-551,764401,764563,Sense to gene-Rv0668
Fwd-sRNA-552,764582,764687,Sense to gene-Rv0668
Fwd-sRNA-553,764730,764815,Sense to gene-Rv0668
Fwd-sRNA-556,764974,765203,Sense to gene-Rv0668
Fwd-sRNA-557,765278,765406,Sense to gene-Rv0668
Fwd-sRNA-558,765466,765533,Sense to gene-Rv0668
Fwd-sRNA-560,765667,766524,Sense to gene-Rv0668
Fwd-sRNA-561,766928,767043,Sense to gene-Rv0668
Fwd-sRNA-562,767122,767201,Sense to gene-Rv0668
Fwd-sRNA-563,767302,767388,Intergenic
Fwd-sRNA-564,767403,767516,Intergenic
Fwd-sRNA-565,770118,770146,Sense to gene-Rv0670
Fwd-sRNA-568,773495,773551,Sense to gene-Rv0673
Fwd-sRNA-569,778995,779100,Sense to gene-Rv0678
Fwd-sRNA-570,779193,779324,Sense to gene-Rv0678
Fwd-sRNA-571,779411,779597,Intergenic
Fwd-sRNA-572,781377,781519,Intergenic
Fwd-sRNA-573,781529,781562,Intergenic
Fwd-sRNA-575,782023,782083,Sense to gene-Rv0683
Fwd-sRNA-576,782117,782210,Sense to gene-Rv0683
Fwd-sRNA-578,782276,782427,Sense to gene-Rv0683
Fwd-sRNA-579,782449,782668,Sense to gene-Rv0684
Fwd-sRNA-583,782861,783019,Sense to gene-Rv0684
Fwd-sRNA-584,783034,783423,Sense to gene-Rv0684
Fwd-sRNA-585,783478,783517,Sense to gene-Rv0684
Fwd-sRNA-588,783753,784193,Sense to gene-Rv0684
Fwd-sRNA-589,784285,784504,Sense to gene-Rv0684
Fwd-sRNA-591,784711,784756,Intergenic
Fwd-sRNA-592,784983,785084,Sense to gene-Rv0685
Fwd-sRNA-593,785099,785145,Sense to gene-Rv0685
Fwd-sRNA-594,785419,785583,Sense to gene-Rv0685
Fwd-sRNA-595,785627,786074,Sense to gene-Rv0685
Fwd-sRNA-596,800203,800601,Intergenic
Fwd-sRNA-597,800617,800855,Sense to gene-Rv0700
Fwd-sRNA-598,801108,801264,Sense to gene-Rv0701
Fwd-sRNA-599,801385,801410,Sense to gene-Rv0701
Fwd-sRNA-601,801497,801567,Sense to gene-Rv0702
Fwd-sRNA-602,801640,801771,Sense to gene-Rv0702
Fwd-sRNA-603,801782,802122,Sense to gene-Rv0702
Fwd-sRNA-604,802212,803132,Sense to gene-Rv0704
Fwd-sRNA-605,803423,803581,Sense to gene-Rv0705
Fwd-sRNA-606,803646,803759,Sense to gene-Rv0706
Fwd-sRNA-607,803823,803966,Sense to gene-Rv0706
Fwd-sRNA-608,803984,804091,Sense to gene-Rv0706
Fwd-sRNA-609,804101,804160,Sense to gene-Rv0706
Fwd-sRNA-610,804242,804746,Sense to gene-Rv0707
Fwd-sRNA-612,805194,805717,Sense to gene-Rv0708
Fwd-sRNA-613,805776,805874,Sense to gene-Rv0710
Fwd-sRNA-614,805995,806223,Sense to gene-Rv0710
Fwd-sRNA-615,811228,811449,Intergenic
Fwd-sRNA-616,811610,811731,Sense to gene-Rv0714
Fwd-sRNA-617,811810,811993,Sense to gene-Rv0715
Fwd-sRNA-620,812207,812482,Sense to gene-Rv0716
Fwd-sRNA-623,812538,812608,Sense to gene-Rv0716
Fwd-sRNA-624,812647,812791,Sense to gene-Rv0717
Fwd-sRNA-625,812936,813201,Sense to gene-Rv0718
Fwd-sRNA-626,813241,813333,Sense to gene-Rv0718
Fwd-sRNA-627,813416,813504,Sense to gene-Rv0719
Fwd-sRNA-628,813613,813749,Sense to gene-Rv0719
Fwd-sRNA-629,813946,814332,Sense to gene-Rv0720
Fwd-sRNA-631,814430,814478,Sense to gene-Rv0721
Fwd-sRNA-632,814630,814725,Sense to gene-Rv0721
Fwd-sRNA-633,814789,814920,Sense to gene-Rv0721
Fwd-sRNA-634,814991,815185,Sense to gene-Rv0722
Fwd-sRNA-635,815332,815700,Sense to gene-Rv0723
Fwd-sRNA-636,815748,815880,Sense to gene-Rv0724
Fwd-sRNA-638,816147,816200,Sense to gene-Rv0724
Fwd-sRNA-640,816887,816922,Sense to gene-Rv0724
Fwd-sRNA-642,817010,817125,Sense to gene-Rv0724
Fwd-sRNA-645,817313,817386,Sense to gene-Rv0724
Fwd-sRNA-647,820270,820382,Antisense to gene-Rv0727c
Fwd-sRNA-648,823260,823316,Sense to gene-Rv0730
Fwd-sRNA-649,824783,824898,Sense to gene-Rv0732
Fwd-sRNA-650,824963,824983,Sense to gene-Rv0732
Fwd-sRNA-651,825019,825122,Sense to gene-Rv0732
Fwd-sRNA-652,825657,825715,Sense to gene-Rv0732
Fwd-sRNA-653,825868,825899,Sense to gene-Rv0732
Fwd-sRNA-654,825970,826070,Sense to gene-Rv0732
Fwd-sRNA-655,826208,826377,Sense to gene-Rv0733
Fwd-sRNA-656,826603,826788,Sense to gene-Rv0734
Fwd-sRNA-657,838375,838414,Intergenic
Fwd-sRNA-659,856768,856846,Antisense to gene-Rv0764c
Fwd-sRNA-660,862836,862885,Sense to gene-Rv0769
Fwd-sRNA-661,868828,869018,Sense to gene-Rv0775
Fwd-sRNA-662,872127,872200,Sense to gene-Rv0778
Fwd-sRNA-663,873090,873150,Antisense to gene-Rv0779c
Fwd-sRNA-666,882700,882814,Sense to gene-Rv0787A
Fwd-sRNA-667,883279,883495,Sense to gene-Rv0788
Fwd-sRNA-668,897460,897580,Sense to gene-Rv0803
Fwd-sRNA-669,898792,898818,Intergenic
Fwd-sRNA-671,898888,899323,Sense to gene-Rv0805
Fwd-sRNA-672,899526,899652,Sense to gene-Rv0805
Fwd-sRNA-673,902131,902258,Sense to gene-Rv0808
Fwd-sRNA-674,902687,902707,Sense to gene-Rv0808
Fwd-sRNA-675,902715,902910,Sense to gene-Rv0808
Fwd-sRNA-676,903493,903553,Sense to gene-Rv0808
Fwd-sRNA-677,903826,903892,Sense to gene-Rv0809
Fwd-sRNA-678,910981,911080,Sense to gene-Rv0818
Fwd-sRNA-679,911439,911604,Sense to gene-Rv0818
Fwd-sRNA-680,911712,911773,Sense to gene-Rv0819
Fwd-sRNA-681,913454,913529,Sense to gene-Rv0820
Fwd-sRNA-684,922111,922197,Sense to gene-Rv0830
Fwd-sRNA-685,922483,922533,Sense to gene-Rv0830
Fwd-sRNA-686,923338,923456,Antisense to gene-Rv0831c
Fwd-sRNA-687,923935,924339,Sense to gene-Rvnt11
Fwd-sRNA-688,935706,935782,Sense to gene-Rv0839
Fwd-sRNA-690,938015,938038,Intergenic
Fwd-sRNA-691,944727,944795,Intergenic
Fwd-sRNA-692,945301,945385,Sense to gene-Rv0848
Fwd-sRNA-695,955011,955078,Intergenic
Fwd-sRNA-698,955156,955370,Sense to gene-Rv0859
Fwd-sRNA-699,955499,955771,Sense to gene-Rv0859
Fwd-sRNA-700,955826,955963,Sense to gene-Rv0859
Fwd-sRNA-701,956035,956283,Sense to gene-Rv0859
Fwd-sRNA-702,956310,956706,Sense to gene-Rv0860
Fwd-sRNA-703,956802,957020,Sense to gene-Rv0860
Fwd-sRNA-704,957059,957894,Sense to gene-Rv0860
Fwd-sRNA-707,958063,958509,Sense to gene-Rv0860
Fwd-sRNA-708,968049,968109,Sense to gene-Rv0871
Fwd-sRNA-709,968162,968207,Sense to gene-Rv0871
Fwd-sRNA-710,972837,972906,Antisense to gene-Rv0874c
Fwd-sRNA-712,1000055,1000105,Sense to gene-Rv0896
Fwd-sRNA-713,1000116,1000232,Sense to gene-Rv0896
Fwd-sRNA-714,1000410,1000534,Sense to gene-Rv0896
Fwd-sRNA-715,1000569,1000825,Sense to gene-Rv0896
Fwd-sRNA-716,1003513,1003584,Sense to gene-Rv0899
Fwd-sRNA-717,1003671,1003739,Sense to gene-Rv0899
Fwd-sRNA-718,1004095,1004161,Sense to gene-Rv0901
Fwd-sRNA-719,1004212,1004288,Sense to gene-Rv0901
Fwd-sRNA-722,1008492,1008558,Sense to gene-Rv0905
Fwd-sRNA-723,1008576,1008637,Sense to gene-Rv0905
Fwd-sRNA-726,1008696,1008781,Sense to gene-Rv0905
Fwd-sRNA-727,1008957,1008998,Sense to gene-Rv0906
Fwd-sRNA-728,1009118,1009264,Sense to gene-Rv0906
Fwd-sRNA-730,1009740,1009781,Sense to gene-Rv0906
Fwd-sRNA-731,1014654,1014709,Sense to gene-Rv0909
Fwd-sRNA-734,1015335,1015393,Intergenic
Fwd-sRNA-736,1028622,1028693,Sense to gene-Rv0922
Fwd-sRNA-737,1040645,1040892,Antisense to gene-Rv0932c
Fwd-sRNA-738,1040938,1041039,Antisense to gene-Rv0932c
Fwd-sRNA-739,1041856,1041918,Sense to gene-Rv0933
Fwd-sRNA-740,1042083,1042112,Intergenic
Fwd-sRNA-741,1042144,1042186,Sense to gene-Rv0934
Fwd-sRNA-742,1043857,1043901,Sense to gene-Rv0935
Fwd-sRNA-743,1046233,1046357,Sense to gene-Rv0938
Fwd-sRNA-744,1049056,1049128,Sense to gene-Rv0939
Fwd-sRNA-745,1059383,1059505,Sense to gene-Rv0949
Fwd-sRNA-746,1061694,1061734,Intergenic
Fwd-sRNA-747,1062990,1063065,Sense to gene-Rv0951
Fwd-sRNA-748,1063105,1063136,Sense to gene-Rv0951
Fwd-sRNA-749,1063429,1063486,Sense to gene-Rv0952
Fwd-sRNA-750,1063674,1063836,Sense to gene-Rv0952
Fwd-sRNA-751,1063850,1064103,Sense to gene-Rv0952
Fwd-sRNA-752,1065982,1066036,Sense to gene-Rv0954
Fwd-sRNA-753,1066228,1066252,Sense to gene-Rv0955
Fwd-sRNA-756,1067642,1067692,Sense to gene-Rv0956
Fwd-sRNA-757,1068390,1068504,Sense to gene-Rv0957
Fwd-sRNA-758,1070754,1070849,Sense to gene-Rv0958
Fwd-sRNA-759,1071341,1071382,Sense to gene-Rv0959
Fwd-sRNA-760,1074256,1074317,Sense to gene-Rv0961
Fwd-sRNA-761,1079725,1079767,Sense to gene-Rv0969
Fwd-sRNA-763,1079973,1080006,Sense to gene-Rv0969
Fwd-sRNA-767,1094818,1094847,Antisense to gene-Rv0979c
Fwd-sRNA-768,1094860,1094880,Intergenic
Fwd-sRNA-769,1094923,1095277,Antisense to gene-Rv0980c
Fwd-sRNA-770,1095472,1095510,Antisense to gene-Rv0980c
Fwd-sRNA-771,1095655,1095679,Antisense to gene-Rv0980c
Fwd-sRNA-772,1096230,1096252,Antisense to gene-Rv0980c
Fwd-sRNA-774,1096305,1096340,Antisense to gene-Rv0980c
Fwd-sRNA-775,1097583,1097709,Sense to gene-Rv0982
Fwd-sRNA-776,1098620,1098655,Sense to gene-Rv0982
Fwd-sRNA-777,1098668,1098704,Sense to gene-Rv0982
Fwd-sRNA-778,1099044,1099107,Sense to gene-Rv0983
Fwd-sRNA-779,1099500,1099533,Sense to gene-Rv0983
Fwd-sRNA-780,1099580,1099740,Sense to gene-Rv0983
Fwd-sRNA-781,1099927,1100181,Sense to gene-Rv0983
Fwd-sRNA-782,1100706,1100834,Sense to gene-Rv0984
Fwd-sRNA-786,1113323,1113412,Sense to gene-Rv0996
Fwd-sRNA-787,1113511,1113690,Intergenic
Fwd-sRNA-788,1117772,1117815,Sense to gene-Rv1001
Fwd-sRNA-789,1123737,1123865,Sense to gene-Rv1006
Fwd-sRNA-790,1123875,1123979,Sense to gene-Rv1006
Fwd-sRNA-791,1124021,1124179,Sense to gene-Rv1006
Fwd-sRNA-792,1124555,1124626,Sense to gene-Rv1006
Fwd-sRNA-793,1124632,1124791,Sense to gene-Rv1006
Fwd-sRNA-798,1127958,1127995,Intergenic
Fwd-sRNA-799,1128080,1128113,Sense to gene-Rv1009
Fwd-sRNA-802,1128373,1128404,Sense to gene-Rv1009
Fwd-sRNA-803,1128418,1128450,Sense to gene-Rv1009
Fwd-sRNA-804,1128771,1128880,Sense to gene-Rv1009
Fwd-sRNA-805,1129077,1129124,Sense to gene-Rv1009
Fwd-sRNA-806,1129301,1129373,Sense to gene-Rv1010
Fwd-sRNA-807,1131659,1131761,Sense to gene-Rv1013
Fwd-sRNA-808,1132968,1133085,Sense to gene-Rv1013
Fwd-sRNA-809,1133125,1133234,Sense to gene-Rv1013
Fwd-sRNA-810,1133245,1133316,Intergenic
Fwd-sRNA-811,1136873,1136932,Antisense to gene-Rv1018c
Fwd-sRNA-812,1138964,1139117,Sense to gene-Rv1020
Fwd-sRNA-813,1140065,1140148,Sense to gene-Rv1020
Fwd-sRNA-815,1141654,1141750,Sense to gene-Rv1020
Fwd-sRNA-816,1144859,1144970,Sense to gene-Rv1023
Fwd-sRNA-817,1145861,1145941,Sense to gene-Rv1024
Fwd-sRNA-819,1149691,1149733,Antisense to gene-Rv1028c
Fwd-sRNA-820,1149742,1149795,Antisense to gene-Rv1028c
Fwd-sRNA-821,1149856,1149912,Antisense to gene-Rv1028c
Fwd-sRNA-822,1160357,1160405,Intergenic
Fwd-sRNA-824,1176143,1176236,Intergenic
Fwd-sRNA-825,1179215,1179340,Intergenic
Fwd-sRNA-827,1180521,1180569,Sense to gene-Rv1057
Fwd-sRNA-829,1184426,1184516,Sense to gene-Rv1061
Fwd-sRNA-830,1187358,1187407,Intergenic
Fwd-sRNA-831,1187469,1187591,Sense to gene-Rv1065
Fwd-sRNA-832,1187977,1188062,Sense to gene-Rv1066
Fwd-sRNA-833,1188194,1188314,Sense to gene-Rv1066
Fwd-sRNA-834,1188362,1188486,Antisense to gene-Rv1067c
Fwd-sRNA-836,1188757,1188817,Antisense to gene-Rv1067c
Fwd-sRNA-837,1196177,1196278,Intergenic
Fwd-sRNA-839,1196321,1196388,Sense to gene-Rv1072
Fwd-sRNA-840,1196497,1196606,Sense to gene-Rv1072
Fwd-sRNA-841,1196665,1196810,Sense to gene-Rv1072
Fwd-sRNA-842,1196929,1197355,Intergenic
Fwd-sRNA-843,1197596,1197652,Sense to gene-Rv1073
Fwd-sRNA-844,1197662,1197685,Sense to gene-Rv1073
Fwd-sRNA-845,1197856,1197887,Sense to gene-Rv1073
Fwd-sRNA-846,1198089,1198129,Intergenic
Fwd-sRNA-847,1201717,1201899,Intergenic
Fwd-sRNA-848,1202631,1202713,Sense to gene-Rv1077
Fwd-sRNA-849,1203293,1203404,Sense to gene-Rv1078
Fwd-sRNA-850,1203430,1203493,Sense to gene-Rv1078
Fwd-sRNA-851,1203621,1203851,Sense to gene-Rv1078
Fwd-sRNA-852,1203993,1204013,Sense to gene-Rv1078
Fwd-sRNA-856,1206661,1206773,Sense to gene-Rv1082
Fwd-sRNA-857,1206937,1207064,Sense to gene-Rv1082
Fwd-sRNA-858,1210593,1210686,Sense to gene-Rv1086
Fwd-sRNA-859,1211029,1211141,Sense to gene-Rv1086
Fwd-sRNA-860,1221003,1221149,Sense to gene-Rv1093
Fwd-sRNA-863,1221359,1221431,Sense to gene-Rv1093
Fwd-sRNA-864,1221799,1221852,Sense to gene-Rv1093
Fwd-sRNA-865,1221959,1222976,Sense to gene-Rv1094
Fwd-sRNA-866,1223007,1223131,Sense to gene-Rv1095
Fwd-sRNA-867,1223165,1223279,Sense to gene-Rv1095
Fwd-sRNA-868,1223997,1224112,Sense to gene-Rv1095
Fwd-sRNA-869,1224227,1224362,Sense to gene-Rv1095
Fwd-sRNA-870,1224377,1224461,Sense to gene-Rv1096
Fwd-sRNA-871,1225026,1225081,Sense to gene-Rv1096
Fwd-sRNA-875,1233025,1233088,Antisense to gene-Rv1106c
Fwd-sRNA-876,1236812,1236923,Sense to gene-Rv1110
Fwd-sRNA-877,1241632,1241783,Sense to gene-Rv1117
Fwd-sRNA-878,1241907,1241971,Sense to gene-Rv1117
Fwd-sRNA-879,1241977,1242002,Antisense to gene-Rv1118c
Fwd-sRNA-882,1276787,1276911,Antisense to gene-Rv1148c
Fwd-sRNA-883,1278009,1278128,Sense to gene-Rv1149
Fwd-sRNA-884,1282459,1282551,Sense to gene-Rv1156
Fwd-sRNA-885,1283048,1283138,Antisense to gene-Rv1157c
Fwd-sRNA-886,1287124,1287230,Intergenic
Fwd-sRNA-888,1287854,1287895,Sense to gene-Rv1161
Fwd-sRNA-893,1288471,1288523,Sense to gene-Rv1161
Fwd-sRNA-894,1289256,1289290,Sense to gene-Rv1161
Fwd-sRNA-895,1289303,1289323,Sense to gene-Rv1161
Fwd-sRNA-896,1289371,1289529,Sense to gene-Rv1161
Fwd-sRNA-898,1290446,1290495,Sense to gene-Rv1161
Fwd-sRNA-899,1290537,1290579,Sense to gene-Rv1161
Fwd-sRNA-900,1291027,1291173,Sense to gene-Rv1162
Fwd-sRNA-901,1291394,1291444,Sense to gene-Rv1162
Fwd-sRNA-902,1291616,1291687,Sense to gene-Rv1162
Fwd-sRNA-907,1293630,1293662,Sense to gene-Rv1164
Fwd-sRNA-909,1294019,1294054,Sense to gene-Rv1164
Fwd-sRNA-910,1296410,1296462,Sense to gene-Rv1166
Fwd-sRNA-911,1301253,1301327,Intergenic
Fwd-sRNA-916,1306920,1306975,Antisense to gene-Rv1175c
Fwd-sRNA-917,1308909,1309087,Intergenic
Fwd-sRNA-918,1309205,1309535,Sense to gene-Rv1178
Fwd-sRNA-923,1309725,1309791,Sense to gene-Rv1178
Fwd-sRNA-925,1309822,1309848,Sense to gene-Rv1178
Fwd-sRNA-928,1310090,1310230,Sense to gene-Rv1178
Fwd-sRNA-929,1311968,1312098,Antisense to gene-Rv1179c
Fwd-sRNA-931,1314120,1314176,Sense to gene-Rv1180
Fwd-sRNA-932,1314888,1314968,Sense to gene-Rv1180
Fwd-sRNA-933,1314993,1315073,Sense to gene-Rv1180
Fwd-sRNA-934,1315110,1315241,Sense to gene-Rv1180
Fwd-sRNA-935,1316489,1316558,Sense to gene-Rv1181
Fwd-sRNA-936,1317849,1318004,Sense to gene-Rv1181
Fwd-sRNA-938,1318484,1318576,Sense to gene-Rv1181
Fwd-sRNA-939,1318933,1319043,Sense to gene-Rv1181
Fwd-sRNA-940,1319271,1319415,Sense to gene-Rv1181
Fwd-sRNA-941,1319716,1319821,Sense to gene-Rv1181
Fwd-sRNA-942,1320826,1320892,Sense to gene-Rv1182
Fwd-sRNA-943,1321039,1321091,Sense to gene-Rv1182
Fwd-sRNA-945,1321375,1321497,Sense to gene-Rv1182
Fwd-sRNA-946,1322779,1322903,Sense to gene-Rv1183
Fwd-sRNA-947,1322952,1323012,Sense to gene-Rv1183
Fwd-sRNA-950,1326571,1326591,Antisense to gene-Rv1185c
Fwd-sRNA-951,1326894,1326950,Antisense to gene-Rv1185c
Fwd-sRNA-952,1326981,1327017,Antisense to gene-Rv1185c
Fwd-sRNA-955,1330467,1330526,Sense to gene-Rv1187
Fwd-sRNA-957,1334992,1335072,Sense to gene-Rv1192
Fwd-sRNA-958,1335130,1335266,Sense to gene-Rv1192
Fwd-sRNA-959,1335319,1335528,Sense to gene-Rv1192
Fwd-sRNA-960,1338890,1339360,Sense to gene-Rv1195
Fwd-sRNA-963,1339536,1339618,Sense to gene-Rv1196
Fwd-sRNA-964,1339779,1339912,Sense to gene-Rv1196
Fwd-sRNA-965,1339988,1340036,Sense to gene-Rv1196
Fwd-sRNA-966,1340089,1340152,Sense to gene-Rv1196
Fwd-sRNA-968,1340978,1341001,Intergenic
Fwd-sRNA-969,1341010,1341124,Sense to gene-Rv1198
Fwd-sRNA-971,1341223,1341282,Sense to gene-Rv1198
Fwd-sRNA-972,1342598,1342666,Intergenic
Fwd-sRNA-973,1342867,1342949,Intergenic
Fwd-sRNA-977,1352398,1352423,Sense to gene-Rv1208
Fwd-sRNA-979,1354230,1354259,Sense to gene-Rv1211
Fwd-sRNA-980,1354494,1354514,Antisense to gene-Rv1212c
Fwd-sRNA-981,1354521,1354585,Antisense to gene-Rv1212c
Fwd-sRNA-982,1356565,1356591,Sense to gene-Rv1213
Fwd-sRNA-983,1356607,1356687,Sense to gene-Rv1213
Fwd-sRNA-984,1359215,1359412,Antisense to gene-Rv1215c
Fwd-sRNA-985,1359423,1359456,Antisense to gene-Rv1215c
Fwd-sRNA-986,1363724,1363833,Antisense to gene-Rv1220c
Fwd-sRNA-987,1364489,1364514,Sense to gene-Rv1221
Fwd-sRNA-988,1364687,1364808,Sense to gene-Rv1221
Fwd-sRNA-989,1364967,1365127,Sense to gene-Rv1221
Fwd-sRNA-990,1365932,1366059,Sense to gene-Rv1223
Fwd-sRNA-992,1366537,1366600,Sense to gene-Rv1223
Fwd-sRNA-995,1367039,1367098,Sense to gene-Rv1223
Fwd-sRNA-998,1367265,1367390,Sense to gene-Rv1223
Fwd-sRNA-1001,1367445,1367496,Sense to gene-Rv1224
Fwd-sRNA-1002,1367637,1367704,Sense to gene-Rv1224
Fwd-sRNA-1003,1368094,1368151,Antisense to gene-Rv1225c
Fwd-sRNA-1005,1372454,1372539,Antisense to gene-Rv1229c
Fwd-sRNA-1007,1376962,1376985,Intergenic
Fwd-sRNA-1008,1377347,1377413,Sense to gene-Rv1234
Fwd-sRNA-1009,1383516,1383609,Sense to gene-Rv1240
Fwd-sRNA-1010,1383646,1383740,Sense to gene-Rv1240
Fwd-sRNA-1011,1383814,1383946,Sense to gene-Rv1240
Fwd-sRNA-1012,1384125,1384246,Sense to gene-Rv1240
Fwd-sRNA-1013,1386810,1386923,Sense to gene-Rv1244
Fwd-sRNA-1014,1387304,1387369,Sense to gene-Rv1244
Fwd-sRNA-1016,1400423,1400533,Sense to gene-Rv1253
Fwd-sRNA-1017,1401104,1401287,Sense to gene-Rv1253
Fwd-sRNA-1018,1411992,1412089,Sense to gene-Rv1264
Fwd-sRNA-1019,1412503,1412640,Sense to gene-Rv1264
Fwd-sRNA-1020,1412930,1413027,Sense to gene-Rv1264
Fwd-sRNA-1021,1413545,1413681,Sense to gene-Rv1265
Fwd-sRNA-1023,1420436,1420466,Antisense to gene-Rv1272c
Fwd-sRNA-1025,1424237,1424321,Sense to gene-Rv1274
Fwd-sRNA-1026,1424897,1424917,Sense to gene-Rv1275
Fwd-sRNA-1027,1424939,1425017,Sense to gene-Rv1275
Fwd-sRNA-1028,1429607,1429677,Sense to gene-Rv1278
Fwd-sRNA-1030,1436412,1436510,Antisense to gene-Rv1283c
Fwd-sRNA-1031,1437947,1437970,Sense to gene-Rv1285
Fwd-sRNA-1032,1437979,1438002,Sense to gene-Rv1285
Fwd-sRNA-1035,1439173,1439319,Sense to gene-Rv1286
Fwd-sRNA-1036,1439854,1439886,Sense to gene-Rv1286
Fwd-sRNA-1038,1439997,1440078,Sense to gene-Rv1286
Fwd-sRNA-1039,1440897,1440917,Sense to gene-Rv1287
Fwd-sRNA-1043,1446580,1446618,Sense to gene-Rv1292
Fwd-sRNA-1044,1447209,1447317,Sense to gene-Rv1292
Fwd-sRNA-1045,1448831,1448856,Sense to gene-Rv1293
Fwd-sRNA-1046,1448880,1448963,Sense to gene-Rv1293
Fwd-sRNA-1047,1449471,1449523,Sense to gene-Rv1294
Fwd-sRNA-1048,1450020,1450082,Sense to gene-Rv1294
Fwd-sRNA-1050,1451304,1451417,Sense to gene-Rv1295
Fwd-sRNA-1051,1452936,1452987,Intergenic
Fwd-sRNA-1052,1453007,1453262,Intergenic
Fwd-sRNA-1053,1453284,1453473,Sense to gene-Rv1297
Fwd-sRNA-1054,1453554,1453686,Sense to gene-Rv1297
Fwd-sRNA-1055,1453809,1453961,Sense to gene-Rv1297
Fwd-sRNA-1056,1454116,1454248,Sense to gene-Rv1297
Fwd-sRNA-1057,1454289,1454579,Sense to gene-Rv1297
Fwd-sRNA-1058,1454869,1454935,Sense to gene-Rv1297
Fwd-sRNA-1062,1455095,1455205,Intergenic
Fwd-sRNA-1063,1455225,1455255,Sense to gene-Rv1298
Fwd-sRNA-1065,1455357,1455463,Intergenic
Fwd-sRNA-1067,1456819,1456879,Sense to gene-Rv1300
Fwd-sRNA-1068,1456926,1457010,Sense to gene-Rv1300
Fwd-sRNA-1069,1457563,1457599,Sense to gene-Rv1301
Fwd-sRNA-1070,1457891,1457951,Sense to gene-Rv1301
Fwd-sRNA-1071,1458087,1458160,Sense to gene-Rv1301
Fwd-sRNA-1072,1459572,1459809,Intergenic
Fwd-sRNA-1073,1459843,1459968,Sense to gene-Rv1303
Fwd-sRNA-1075,1460000,1460069,Sense to gene-Rv1303
Fwd-sRNA-1078,1460903,1460948,Sense to gene-Rv1304
Fwd-sRNA-1079,1461015,1461237,Sense to gene-Rv1305
Fwd-sRNA-1080,1461595,1461641,Sense to gene-Rv1306
Fwd-sRNA-1081,1461657,1461830,Sense to gene-Rv1306
Fwd-sRNA-1082,1462108,1462315,Sense to gene-Rv1307
Fwd-sRNA-1083,1462343,1462420,Sense to gene-Rv1307
Fwd-sRNA-1084,1462675,1462761,Sense to gene-Rv1307
Fwd-sRNA-1085,1462934,1462998,Sense to gene-Rv1307
Fwd-sRNA-1086,1463185,1463218,Intergenic
Fwd-sRNA-1087,1463390,1463426,Sense to gene-Rv1308
Fwd-sRNA-1088,1463432,1463536,Sense to gene-Rv1308
Fwd-sRNA-1089,1463638,1463695,Sense to gene-Rv1308
Fwd-sRNA-1090,1463706,1463730,Sense to gene-Rv1308
Fwd-sRNA-1091,1463773,1463948,Sense to gene-Rv1308
Fwd-sRNA-1092,1464183,1464227,Sense to gene-Rv1308
Fwd-sRNA-1093,1464441,1464546,Sense to gene-Rv1308
Fwd-sRNA-1095,1464646,1464869,Sense to gene-Rv1308
Fwd-sRNA-1096,1464905,1465461,Sense to gene-Rv1309
Fwd-sRNA-1097,1465693,1465756,Sense to gene-Rv1309
Fwd-sRNA-1098,1465765,1465796,Sense to gene-Rv1309
Fwd-sRNA-1099,1465832,1465942,Sense to gene-Rv1310
Fwd-sRNA-1100,1465977,1466136,Sense to gene-Rv1310
Fwd-sRNA-1101,1466224,1466305,Sense to gene-Rv1310
Fwd-sRNA-1102,1466413,1466551,Sense to gene-Rv1310
Fwd-sRNA-1103,1466632,1466672,Sense to gene-Rv1310
Fwd-sRNA-1106,1466908,1466930,Sense to gene-Rv1310
Fwd-sRNA-1107,1466988,1467176,Sense to gene-Rv1310
Fwd-sRNA-1108,1467224,1467607,Sense to gene-Rv1311
Fwd-sRNA-1109,1467625,1467750,Intergenic
Fwd-sRNA-1110,1467970,1468075,Sense to gene-Rv1312
Fwd-sRNA-1111,1469492,1469578,Intergenic
Fwd-sRNA-1112,1471580,1471650,Intergenic
Fwd-sRNA-1113,1471701,1471730,Sense to gene-RVnc0021
Fwd-sRNA-1114,1471790,1471865,Intergenic
Fwd-sRNA-1115,1471911,1471942,Sense to gene-Rvnr01
Fwd-sRNA-1116,1471977,1472086,Sense to gene-Rvnr01
Fwd-sRNA-1117,1472257,1472351,Sense to gene-Rvnr01
Fwd-sRNA-1118,1472425,1472507,Sense to gene-Rvnr01
Fwd-sRNA-1119,1472680,1472701,Sense to gene-Rvnr01
Fwd-sRNA-1120,1472817,1472878,Sense to gene-Rvnr01
Fwd-sRNA-1121,1472967,1472997,Sense to gene-Rvnr01
Fwd-sRNA-1122,1473112,1473173,Sense to gene-Rvnr01
Fwd-sRNA-1123,1473245,1473302,Sense to gene-Rvnr01
Fwd-sRNA-1124,1473376,1473632,Intergenic
Fwd-sRNA-1125,1473736,1473776,Sense to gene-Rvnr02
Fwd-sRNA-1126,1473786,1473902,Sense to gene-Rvnr02
Fwd-sRNA-1127,1473912,1474205,Sense to gene-Rvnr02
Fwd-sRNA-1128,1474268,1474389,Sense to gene-Rvnr02
Fwd-sRNA-1129,1474402,1474477,Sense to gene-Rvnr02
Fwd-sRNA-1130,1474516,1474543,Sense to gene-Rvnr02
Fwd-sRNA-1131,1474599,1474749,Sense to gene-Rvnr02
Fwd-sRNA-1134,1474928,1474968,Sense to gene-Rvnr02
Fwd-sRNA-1135,1474987,1475093,Sense to gene-Rvnr02
Fwd-sRNA-1136,1475169,1475469,Sense to gene-Rvnr02
Fwd-sRNA-1137,1475525,1475724,Sense to gene-Rvnr02
Fwd-sRNA-1138,1475751,1475787,Sense to gene-Rvnr02
Fwd-sRNA-1139,1475863,1475953,Sense to gene-Rvnr02
Fwd-sRNA-1140,1475959,1476134,Sense to gene-Rvnr02
Fwd-sRNA-1142,1476519,1476548,Sense to gene-Rvnr02
Fwd-sRNA-1144,1476598,1476884,Sense to gene-Rvnr02
Fwd-sRNA-1145,1476897,1477051,Sense to gene-Rvnr03
Fwd-sRNA-1147,1480355,1480436,Antisense to gene-Rv1318c
Fwd-sRNA-1148,1482853,1482918,Antisense to gene-Rv1320c
Fwd-sRNA-1150,1484982,1485076,Intergenic
Fwd-sRNA-1151,1485704,1485772,Antisense to gene-Rv1322A
Fwd-sRNA-1152,1485798,1485973,Sense to gene-Rv1323
Fwd-sRNA-1156,1486504,1486627,Sense to gene-Rv1323
Fwd-sRNA-1159,1487297,1487333,Sense to gene-Rv1324
Fwd-sRNA-1160,1487476,1487731,Sense to gene-Rv1324
Fwd-sRNA-1161,1487808,1488135,Sense to gene-Rv1324
Fwd-sRNA-1162,1495592,1495667,Sense to gene-Rv1328
Fwd-sRNA-1163,1496255,1496311,Sense to gene-Rv1328
Fwd-sRNA-1164,1497010,1497064,Sense to gene-Rv1328
Fwd-sRNA-1165,1497132,1497220,Intergenic
Fwd-sRNA-1166,1500661,1501064,Sense to gene-Rv1331
Fwd-sRNA-1167,1501078,1501248,Sense to gene-Rv1332
Fwd-sRNA-1168,1501429,1501497,Sense to gene-Rv1332
Fwd-sRNA-1169,1501606,1501644,Sense to gene-Rv1333
Fwd-sRNA-1172,1501793,1501820,Sense to gene-Rv1333
Fwd-sRNA-1175,1504434,1504455,Sense to gene-Rv1337
Fwd-sRNA-1176,1504462,1504553,Sense to gene-Rv1337
Fwd-sRNA-1177,1504561,1504592,Sense to gene-Rv1337
Fwd-sRNA-1178,1505968,1506095,Sense to gene-Rv1339
Fwd-sRNA-1179,1506316,1506415,Sense to gene-Rv1339
Fwd-sRNA-1181,1506713,1506787,Intergenic
Fwd-sRNA-1182,1506879,1506914,Sense to gene-Rv1340
Fwd-sRNA-1183,1507224,1507256,Sense to gene-Rv1340
Fwd-sRNA-1184,1507303,1507348,Sense to gene-Rv1340
Fwd-sRNA-1188,1512728,1512814,Sense to gene-Rvnt19
Fwd-sRNA-1189,1531558,1531670,Sense to gene-Rv1360
Fwd-sRNA-1190,1531682,1531728,Sense to gene-Rv1360
Fwd-sRNA-1192,1532448,1532502,Antisense to gene-Rv1361c
Fwd-sRNA-1193,1541746,1541871,Intergenic
Fwd-sRNA-1194,1547131,1547269,Antisense to gene-Rv1374c
Fwd-sRNA-1195,1552598,1552642,Antisense to gene-Rv1378c
Fwd-sRNA-1196,1552826,1552887,Sense to gene-Rv1379
Fwd-sRNA-1197,1554369,1554421,Sense to gene-Rv1381
Fwd-sRNA-1198,1556284,1556392,Sense to gene-Rv1383
Fwd-sRNA-1199,1556659,1556736,Sense to gene-Rv1383
Fwd-sRNA-1201,1557085,1557134,Sense to gene-Rv1384
Fwd-sRNA-1202,1557582,1557658,Sense to gene-Rv1384
Fwd-sRNA-1203,1561431,1561468,Intergenic
Fwd-sRNA-1204,1561478,1561582,Sense to gene-Rv1386
Fwd-sRNA-1205,1561841,1562004,Sense to gene-Rv1387
Fwd-sRNA-1208,1562123,1562265,Sense to gene-Rv1387
Fwd-sRNA-1209,1562296,1562601,Sense to gene-Rv1387
Fwd-sRNA-1210,1562727,1562881,Sense to gene-Rv1387
Fwd-sRNA-1211,1562888,1563115,Sense to gene-Rv1387
Fwd-sRNA-1212,1563128,1563235,Sense to gene-Rv1387
Fwd-sRNA-1213,1563310,1563599,Intergenic
Fwd-sRNA-1214,1563865,1563947,Sense to gene-Rv1388
Fwd-sRNA-1215,1563968,1564225,Sense to gene-Rv1388
Fwd-sRNA-1216,1564297,1564734,Sense to gene-Rv1389
Fwd-sRNA-1217,1565270,1565319,Sense to gene-Rv1390
Fwd-sRNA-1218,1565399,1565554,Sense to gene-Rv1391
Fwd-sRNA-1223,1565672,1565742,Sense to gene-Rv1391
Fwd-sRNA-1224,1565765,1565851,Sense to gene-Rv1391
Fwd-sRNA-1226,1566036,1566057,Sense to gene-Rv1391
Fwd-sRNA-1227,1566488,1566648,Sense to gene-Rv1391
Fwd-sRNA-1228,1566779,1566942,Sense to gene-Rv1392
Fwd-sRNA-1229,1567345,1567379,Sense to gene-Rv1392
Fwd-sRNA-1230,1567535,1567764,Sense to gene-Rv1392
Fwd-sRNA-1231,1567910,1568195,Intergenic
Fwd-sRNA-1232,1577898,1577923,Sense to gene-Rv1402
Fwd-sRNA-1233,1577930,1577980,Sense to gene-Rv1402
Fwd-sRNA-1234,1580725,1580850,Sense to gene-Rv1404
Fwd-sRNA-1235,1580930,1581143,Sense to gene-Rv1404
Fwd-sRNA-1236,1583284,1583389,Sense to gene-Rv1407
Fwd-sRNA-1237,1584539,1584632,Sense to gene-Rv1408
Fwd-sRNA-1238,1584647,1584771,Sense to gene-Rv1408
Fwd-sRNA-1240,1585936,1586014,Sense to gene-Rv1409
Fwd-sRNA-1241,1587345,1587395,Antisense to gene-Rv1410c
Fwd-sRNA-1243,1591011,1591087,Sense to gene-Rv1415
Fwd-sRNA-1244,1591308,1591371,Sense to gene-Rv1415
Fwd-sRNA-1245,1595022,1595136,Sense to gene-Rv1420
Fwd-sRNA-1246,1596694,1596823,Sense to gene-Rv1421
Fwd-sRNA-1247,1613555,1613589,Sense to gene-Rv1436
Fwd-sRNA-1248,1614352,1614516,Sense to gene-Rv1437
Fwd-sRNA-1250,1614578,1614642,Sense to gene-Rv1437
Fwd-sRNA-1252,1615848,1615928,Sense to gene-Rv1438
Fwd-sRNA-1254,1618064,1618178,Intergenic
Fwd-sRNA-1255,1620481,1620629,Sense to gene-Rv1442
Fwd-sRNA-1256,1620677,1620751,Sense to gene-Rv1442
Fwd-sRNA-1257,1621551,1621601,Sense to gene-Rv1442
Fwd-sRNA-1258,1634987,1635325,Sense to gene-Rv1451
Fwd-sRNA-1259,1635504,1635553,Sense to gene-Rv1451
Fwd-sRNA-1260,1635722,1635861,Sense to gene-Rv1451
Fwd-sRNA-1261,1646386,1646463,Sense to gene-Rv1460
Fwd-sRNA-1262,1646769,1646876,Sense to gene-Rv1460
Fwd-sRNA-1263,1647018,1647103,Sense to gene-Rv1461
Fwd-sRNA-1265,1647119,1647224,Sense to gene-Rv1461
Fwd-sRNA-1266,1647429,1647460,Sense to gene-Rv1461
Fwd-sRNA-1267,1647584,1647655,Sense to gene-Rv1461
Fwd-sRNA-1268,1647684,1647724,Sense to gene-Rv1461
Fwd-sRNA-1269,1648587,1648651,Sense to gene-Rv1461
Fwd-sRNA-1270,1648657,1648700,Sense to gene-Rv1461
Fwd-sRNA-1271,1648975,1649077,Sense to gene-Rv1461
Fwd-sRNA-1272,1649097,1649216,Sense to gene-Rv1461
Fwd-sRNA-1273,1649957,1650062,Sense to gene-Rv1462
Fwd-sRNA-1274,1650077,1650169,Sense to gene-Rv1462
Fwd-sRNA-1275,1650834,1650876,Sense to gene-Rv1463
Fwd-sRNA-1276,1650904,1651134,Sense to gene-Rv1463
Fwd-sRNA-1277,1651271,1651343,Sense to gene-Rv1463
Fwd-sRNA-1278,1651384,1651445,Sense to gene-Rv1463
Fwd-sRNA-1279,1651923,1651981,Sense to gene-Rv1464
Fwd-sRNA-1280,1651991,1652052,Sense to gene-Rv1464
Fwd-sRNA-1281,1652781,1653038,Sense to gene-Rv1465
Fwd-sRNA-1282,1653398,1653661,Sense to gene-Rv1466
Fwd-sRNA-1283,1658135,1658203,Sense to gene-Rv1469
Fwd-sRNA-1284,1659813,1659998,Sense to gene-Rv1472
Fwd-sRNA-1285,1662522,1662592,Sense to gene-Rv1473A
Fwd-sRNA-1286,1667809,1667869,Sense to gene-Rv1477
Fwd-sRNA-1287,1668141,1668192,Sense to gene-Rv1477
Fwd-sRNA-1291,1668905,1668976,Sense to gene-Rv1478
Fwd-sRNA-1292,1669324,1669382,Sense to gene-Rv1479
Fwd-sRNA-1294,1669669,1669709,Sense to gene-Rv1479
Fwd-sRNA-1295,1669715,1669796,Sense to gene-Rv1479
Fwd-sRNA-1296,1670274,1670461,Sense to gene-Rv1479
Fwd-sRNA-1297,1670478,1670729,Sense to gene-Rv1480
Fwd-sRNA-1298,1670861,1670956,Sense to gene-Rv1480
Fwd-sRNA-1300,1673444,1673575,Sense to gene-Rv1483
Fwd-sRNA-1301,1674011,1674091,Sense to gene-Rv1483
Fwd-sRNA-1302,1674197,1674343,Sense to gene-Rv1484
Fwd-sRNA-1303,1674393,1674434,Sense to gene-Rv1484
Fwd-sRNA-1304,1674615,1675066,Sense to gene-Rv1484
Fwd-sRNA-1305,1675184,1675260,Sense to gene-Rv1485
Fwd-sRNA-1308,1677294,1677390,Sense to gene-Rv1487
Fwd-sRNA-1309,1677663,1677712,Sense to gene-Rv1488
Fwd-sRNA-1310,1682588,1682622,Sense to gene-Rv1492
Fwd-sRNA-1311,1688154,1688242,Sense to gene-Rv1497
Fwd-sRNA-1312,1692646,1692770,Sense to gene-Rv1501
Fwd-sRNA-1313,1698349,1698430,Antisense to gene-Rv1508c
Fwd-sRNA-1314,1714235,1714356,Antisense to gene-Rv1522c
Fwd-sRNA-1315,1715680,1715736,Antisense to gene-Rv1522c
Fwd-sRNA-1316,1719021,1719180,Sense to gene-Rv1524
Fwd-sRNA-1317,1722622,1722688,Antisense to gene-Rv1527c
Fwd-sRNA-1322,1734598,1734637,Sense to gene-Rv1533
Fwd-sRNA-1323,1735501,1735984,Intergenic
Fwd-sRNA-1324,1736027,1736374,Sense to gene-Rv1535
Fwd-sRNA-1325,1736543,1736579,Sense to gene-Rv1536
Fwd-sRNA-1326,1736873,1736936,Sense to gene-Rv1536
Fwd-sRNA-1327,1737735,1737833,Sense to gene-Rv1536
Fwd-sRNA-1335,1738872,1738990,Sense to gene-Rv1536
Fwd-sRNA-1336,1739568,1739741,Intergenic
Fwd-sRNA-1337,1742254,1742277,Sense to gene-Rv1539
Fwd-sRNA-1338,1742288,1742311,Sense to gene-Rv1539
Fwd-sRNA-1339,1743167,1743215,Sense to gene-Rv1540
Fwd-sRNA-1343,1754461,1754514,Sense to gene-Rv1550
Fwd-sRNA-1344,1763599,1763717,Sense to gene-Rv1559
Fwd-sRNA-1345,1763989,1764050,Sense to gene-Rv1559
Fwd-sRNA-1346,1773851,1773897,Intergenic
Fwd-sRNA-1347,1775471,1775595,Sense to gene-Rv1568
Fwd-sRNA-1350,1776957,1777020,Sense to gene-Rv1569
Fwd-sRNA-1351,1777120,1777175,Sense to gene-Rv1569
Fwd-sRNA-1352,1786224,1786281,Antisense to gene-Rv1583c
Fwd-sRNA-1355,1791058,1791117,Sense to gene-Rv1589
Fwd-sRNA-1356,1791358,1791441,Sense to gene-Rv1590
Fwd-sRNA-1357,1791881,1792006,Sense to gene-Rv1591
Fwd-sRNA-1358,1792874,1792901,Antisense to gene-Rv1592c
Fwd-sRNA-1359,1794706,1795038,Sense to gene-Rv1594
Fwd-sRNA-1360,1795049,1795162,Sense to gene-Rv1594
Fwd-sRNA-1361,1795171,1796095,Sense to gene-Rv1594
Fwd-sRNA-1362,1796170,1796742,Sense to gene-Rv1595
Fwd-sRNA-1363,1796748,1796778,Sense to gene-Rv1595
Fwd-sRNA-1364,1796785,1797014,Sense to gene-Rv1595
Fwd-sRNA-1365,1797027,1797264,Sense to gene-Rv1595
Fwd-sRNA-1366,1797409,1798393,Sense to gene-Rv1596
Fwd-sRNA-1367,1798416,1798443,Sense to gene-Rv1597
Fwd-sRNA-1368,1798456,1798610,Sense to gene-Rv1597
Fwd-sRNA-1369,1798619,1798651,Sense to gene-Rv1597
Fwd-sRNA-1370,1799180,1799230,Antisense to gene-Rv1598c
Fwd-sRNA-1375,1801492,1801576,Sense to gene-Rv1600
Fwd-sRNA-1376,1801681,1801739,Sense to gene-Rv1600
Fwd-sRNA-1380,1810246,1810294,Sense to gene-Rv1611
Fwd-sRNA-1381,1810426,1810462,Sense to gene-Rv1611
Fwd-sRNA-1385,1810612,1811030,Sense to gene-Rv1611
Fwd-sRNA-1386,1811080,1811368,Sense to gene-Rv1612
Fwd-sRNA-1387,1811736,1811834,Sense to gene-Rv1612
Fwd-sRNA-1388,1811896,1812042,Sense to gene-Rv1612
Fwd-sRNA-1393,1813544,1813572,Sense to gene-Rv1614
Fwd-sRNA-1394,1813614,1813664,Sense to gene-Rv1614
Fwd-sRNA-1399,1813894,1813940,Sense to gene-Rv1614
Fwd-sRNA-1404,1814050,1814103,Sense to gene-Rv1614
Fwd-sRNA-1406,1814142,1814184,Sense to gene-Rv1614
Fwd-sRNA-1409,1814267,1814656,Sense to gene-Rv1614
Fwd-sRNA-1410,1814691,1814717,Intergenic
Fwd-sRNA-1413,1815356,1815404,Sense to gene-Rv1615
Fwd-sRNA-1414,1816101,1816226,Intergenic
Fwd-sRNA-1415,1816859,1816922,Sense to gene-Rv1617
Fwd-sRNA-1416,1818060,1818171,Sense to gene-Rv1618
Fwd-sRNA-1417,1818562,1818735,Sense to gene-Rv1619
Fwd-sRNA-1420,1828212,1828351,Sense to gene-Rv1626
Fwd-sRNA-1422,1828713,1828850,Sense to gene-Rv1626
Fwd-sRNA-1423,1833637,1833672,Sense to gene-Rv1630
Fwd-sRNA-1424,1833944,1834440,Sense to gene-Rv1630
Fwd-sRNA-1425,1834510,1834669,Sense to gene-Rv1630
Fwd-sRNA-1428,1834769,1835297,Sense to gene-Rv1631
Fwd-sRNA-1429,1835491,1835534,Sense to gene-Rv1631
Fwd-sRNA-1430,1835572,1835687,Sense to gene-Rv1631
Fwd-sRNA-1431,1835939,1836020,Sense to gene-Rv1631
Fwd-sRNA-1432,1836244,1836352,Intergenic
Fwd-sRNA-1433,1842702,1842853,Sense to gene-Rv1636
Fwd-sRNA-1434,1851990,1852114,Intergenic
Fwd-sRNA-1435,1852122,1852245,Intergenic
Fwd-sRNA-1436,1852286,1852360,Sense to gene-Rv1641
Fwd-sRNA-1438,1852790,1852845,Sense to gene-Rv1641
Fwd-sRNA-1439,1852938,1853205,Sense to gene-Rv1642
Fwd-sRNA-1440,1853418,1853528,Sense to gene-Rv1643
Fwd-sRNA-1441,1853600,1853667,Sense to gene-Rv1644
Fwd-sRNA-1442,1853749,1853813,Sense to gene-Rv1644
Fwd-sRNA-1443,1853850,1853873,Sense to gene-Rv1644
Fwd-sRNA-1444,1853880,1853968,Sense to gene-Rv1644
Fwd-sRNA-1445,1854089,1854238,Sense to gene-Rv1644
Fwd-sRNA-1446,1854261,1854281,Sense to gene-Rv1644
Fwd-sRNA-1447,1855707,1855835,Sense to gene-Rv1646
Fwd-sRNA-1449,1856048,1856152,Sense to gene-Rv1646
Fwd-sRNA-1450,1856458,1856575,Sense to gene-Rv1646
Fwd-sRNA-1451,1860565,1860755,Sense to gene-Rv1650
Fwd-sRNA-1452,1861770,1861814,Sense to gene-Rv1650
Fwd-sRNA-1453,1865993,1866050,Sense to gene-Rv1652
Fwd-sRNA-1454,1866779,1866836,Sense to gene-Rv1653
Fwd-sRNA-1455,1866843,1866891,Sense to gene-Rv1653
Fwd-sRNA-1456,1870079,1870159,Sense to gene-Rv1656
Fwd-sRNA-1459,1871582,1871698,Sense to gene-Rv1658
Fwd-sRNA-1460,1872579,1872617,Intergenic
Fwd-sRNA-1461,1891540,1891618,Sense to gene-Rv1665
Fwd-sRNA-1462,1892254,1892329,Antisense to gene-Rv1666c
Fwd-sRNA-1465,1903106,1903142,Sense to gene-Rv1678
Fwd-sRNA-1466,1909899,1909965,Sense to gene-Rv1683
Fwd-sRNA-1467,1910291,1910414,Sense to gene-Rv1683
Fwd-sRNA-1468,1913623,1913862,Sense to gene-Rv1689
Fwd-sRNA-1469,1917080,1917129,Sense to gene-Rv1692
Fwd-sRNA-1471,1923008,1923083,Sense to gene-Rv1698
Fwd-sRNA-1472,1923745,1923842,Intergenic
Fwd-sRNA-1474,1926643,1926665,Sense to gene-Rv1701
Fwd-sRNA-1475,1934799,1934973,Sense to gene-Rv1707
Fwd-sRNA-1476,1934980,1935055,Sense to gene-Rv1707
Fwd-sRNA-1477,1937118,1937149,Sense to gene-Rv1708
Fwd-sRNA-1478,1937174,1937298,Sense to gene-Rv1708
Fwd-sRNA-1479,1937321,1937392,Sense to gene-Rv1709
Fwd-sRNA-1480,1938068,1938197,Sense to gene-Rv1709
Fwd-sRNA-1484,1939113,1939138,Sense to gene-Rv1711
Fwd-sRNA-1485,1940164,1940204,Sense to gene-Rv1712
Fwd-sRNA-1486,1946585,1946689,Sense to gene-Rvnt21
Fwd-sRNA-1487,1958177,1958263,Sense to gene-Rv1731
Fwd-sRNA-1488,1960667,1960774,Intergenic
Fwd-sRNA-1491,1967738,1967789,Sense to gene-Rv1740
Fwd-sRNA-1492,1973249,1973307,Sense to gene-Rv1746
Fwd-sRNA-1494,1974925,1975046,Sense to gene-Rv1747
Fwd-sRNA-1495,1975831,1975892,Sense to gene-Rv1747
Fwd-sRNA-1496,1979897,1980001,Sense to gene-Rv1751
Fwd-sRNA-1497,1980260,1980351,Sense to gene-Rv1751
Fwd-sRNA-1499,1980925,1980998,Sense to gene-Rv1751
Fwd-sRNA-1500,1998936,1999096,Intergenic
Fwd-sRNA-1501,2008950,2009126,Sense to gene-Rv1774
Fwd-sRNA-1502,2017388,2017476,Intergenic
Fwd-sRNA-1503,2018174,2018282,Sense to gene-Rv1782
Fwd-sRNA-1504,2019102,2019185,Sense to gene-Rv1782
Fwd-sRNA-1505,2022571,2022617,Sense to gene-Rv1783
Fwd-sRNA-1506,2022736,2022830,Sense to gene-Rv1783
Fwd-sRNA-1507,2030931,2030962,Sense to gene-Rv1793
Fwd-sRNA-1508,2030986,2031036,Intergenic
Fwd-sRNA-1511,2032319,2032364,Sense to gene-Rv1795
Fwd-sRNA-1514,2032596,2032740,Sense to gene-Rv1795
Fwd-sRNA-1515,2033552,2033603,Sense to gene-Rv1795
Fwd-sRNA-1516,2033679,2033805,Sense to gene-Rv1796
Fwd-sRNA-1517,2033863,2033904,Sense to gene-Rv1796
Fwd-sRNA-1518,2033988,2034022,Sense to gene-Rv1796
Fwd-sRNA-1519,2034139,2034271,Sense to gene-Rv1796
Fwd-sRNA-1520,2034565,2034673,Sense to gene-Rv1796
Fwd-sRNA-1522,2034888,2034994,Sense to gene-Rv1796
Fwd-sRNA-1524,2035274,2035346,Sense to gene-Rv1796
Fwd-sRNA-1525,2037732,2037786,Sense to gene-Rv1798
Fwd-sRNA-1526,2040860,2040903,Sense to gene-Rv1800
Fwd-sRNA-1527,2046927,2046989,Intergenic
Fwd-sRNA-1528,2047656,2047715,Intergenic
Fwd-sRNA-1529,2049482,2049547,Intergenic
Fwd-sRNA-1530,2050718,2050916,Sense to gene-Rv1808
Fwd-sRNA-1531,2052701,2052723,Intergenic
Fwd-sRNA-1532,2055989,2056094,Antisense to gene-Rv1813c
Fwd-sRNA-1538,2058321,2058366,Sense to gene-Rv1816
Fwd-sRNA-1539,2065119,2065198,Sense to gene-Rv1820
Fwd-sRNA-1540,2066675,2066722,Sense to gene-Rv1821
Fwd-sRNA-1544,2066850,2066915,Sense to gene-Rv1821
Fwd-sRNA-1546,2067842,2067944,Sense to gene-Rv1821
Fwd-sRNA-1547,2068336,2068422,Sense to gene-Rv1821
Fwd-sRNA-1549,2068863,2068962,Intergenic
Fwd-sRNA-1550,2071347,2071459,Sense to gene-Rv1825
Fwd-sRNA-1551,2072192,2072290,Sense to gene-Rv1826
Fwd-sRNA-1552,2072604,2072632,Sense to gene-Rv1827
Fwd-sRNA-1553,2072746,2072807,Sense to gene-Rv1827
Fwd-sRNA-1554,2072816,2073127,Sense to gene-Rv1827
Fwd-sRNA-1555,2073332,2073558,Sense to gene-Rv1828
Fwd-sRNA-1556,2073782,2074109,Sense to gene-Rv1829
Fwd-sRNA-1557,2074749,2074827,Intergenic
Fwd-sRNA-1558,2075011,2075072,Sense to gene-Rv1830
Fwd-sRNA-1559,2075481,2075635,Intergenic
Fwd-sRNA-1560,2075812,2075838,Sense to gene-Rv1831
Fwd-sRNA-1561,2075893,2075994,Sense to gene-Rv1832
Fwd-sRNA-1562,2076470,2076823,Sense to gene-Rv1832
Fwd-sRNA-1563,2077171,2077210,Sense to gene-Rv1832
Fwd-sRNA-1564,2077241,2077320,Sense to gene-Rv1832
Fwd-sRNA-1567,2077783,2077849,Sense to gene-Rv1832
Fwd-sRNA-1569,2078505,2078539,Sense to gene-Rv1832
Fwd-sRNA-1570,2096766,2096861,Intergenic
Fwd-sRNA-1571,2104903,2105120,Sense to gene-Rv1857
Fwd-sRNA-1572,2106756,2106811,Sense to gene-Rv1859
Fwd-sRNA-1575,2108532,2108658,Sense to gene-Rv1860
Fwd-sRNA-1576,2126212,2126255,Sense to gene-Rv1877
Fwd-sRNA-1577,2126595,2126723,Sense to gene-Rv1877
Fwd-sRNA-1579,2136262,2136296,Sense to gene-Rv1887
Fwd-sRNA-1581,2136526,2136844,Sense to gene-Rv1887
Fwd-sRNA-1582,2136945,2137189,Sense to gene-Rv1887
Fwd-sRNA-1583,2137308,2137435,Sense to gene-Rv1887
Fwd-sRNA-1584,2137443,2137474,Intergenic
Fwd-sRNA-1587,2145894,2145951,Antisense to gene-Rv1899c
Fwd-sRNA-1588,2146351,2146477,Antisense to gene-Rv1900c
Fwd-sRNA-1589,2148839,2148955,Sense to gene-Rv1901
Fwd-sRNA-1590,2149174,2149195,Antisense to gene-Rv1902c
Fwd-sRNA-1594,2151152,2151367,Sense to gene-Rv1904
Fwd-sRNA-1596,2175278,2175370,Sense to gene-Rv1923
Fwd-sRNA-1597,2176374,2176445,Sense to gene-Rv1923
Fwd-sRNA-1598,2177087,2177188,Intergenic
Fwd-sRNA-1600,2177338,2177373,Sense to gene-Rv1925
Fwd-sRNA-1601,2177418,2177497,Sense to gene-Rv1925
Fwd-sRNA-1602,2177618,2177747,Sense to gene-Rv1925
Fwd-sRNA-1603,2177793,2178373,Sense to gene-Rv1925
Fwd-sRNA-1605,2178469,2178918,Sense to gene-Rv1925
Fwd-sRNA-1606,2178950,2179171,Antisense to gene-Rv1926c
Fwd-sRNA-1607,2179257,2179301,Antisense to gene-Rv1926c
Fwd-sRNA-1608,2219777,2219898,Sense to gene-Rv1977
Fwd-sRNA-1609,2222358,2222534,Antisense to gene-Rv1979c
Fwd-sRNA-1610,2226211,2226356,Sense to gene-Rv1983
Fwd-sRNA-1611,2231026,2231084,Intergenic
Fwd-sRNA-1615,2258045,2258138,Sense to gene-Rv2009
Fwd-sRNA-1616,2258378,2258414,Sense to gene-Rv2010
Fwd-sRNA-1618,2258448,2258604,Sense to gene-Rv2010
Fwd-sRNA-1619,2264007,2264111,Sense to gene-Rv2017
Fwd-sRNA-1620,2268165,2268232,Intergenic
Fwd-sRNA-1623,2307782,2307818,Intergenic
Fwd-sRNA-1624,2307873,2307918,Sense to gene-Rv2050
Fwd-sRNA-1630,2327265,2327336,Sense to gene-Rv2069
Fwd-sRNA-1631,2327345,2327429,Sense to gene-Rv2069
Fwd-sRNA-1632,2330115,2330158,Antisense to gene-Rv2072c
Fwd-sRNA-1633,2336009,2336196,Sense to gene-Rv2079
Fwd-sRNA-1634,2343029,2343141,Sense to gene-Rv2085
Fwd-sRNA-1635,2360164,2360291,Intergenic
Fwd-sRNA-1636,2360320,2360367,Sense to gene-Rv2101
Fwd-sRNA-1638,2361723,2361770,Sense to gene-Rv2101
Fwd-sRNA-1639,2362015,2362069,Sense to gene-Rv2101
Fwd-sRNA-1640,2362923,2363003,Sense to gene-Rv2101
Fwd-sRNA-1641,2363402,2363526,Sense to gene-Rv2102
Fwd-sRNA-1642,2373833,2373923,Sense to gene-Rv2114
Fwd-sRNA-1643,2376419,2376565,Intergenic
Fwd-sRNA-1644,2376578,2376629,Sense to gene-Rv2116
Fwd-sRNA-1645,2386322,2386393,Sense to gene-Rv2125
Fwd-sRNA-1646,2388552,2388646,Intergenic
Fwd-sRNA-1647,2388950,2388982,Sense to gene-Rv2127
Fwd-sRNA-1649,2389323,2389384,Sense to gene-Rv2127
Fwd-sRNA-1650,2389701,2389770,Sense to gene-Rv2127
Fwd-sRNA-1652,2392087,2392110,Antisense to gene-Rv2130c
Fwd-sRNA-1654,2394004,2394055,Antisense to gene-Rv2133c
Fwd-sRNA-1655,2397245,2397397,Intergenic
Fwd-sRNA-1657,2400700,2400788,Antisense to gene-Rv2141c
Fwd-sRNA-1658,2401971,2402076,Sense to gene-Rvnt22
Fwd-sRNA-1661,2433491,2433590,Sense to gene-Rv2171
Fwd-sRNA-1662,2435700,2435822,Sense to gene-Rv2173
Fwd-sRNA-1663,2443473,2443556,Sense to gene-Rv2181
Fwd-sRNA-1665,2443678,2443741,Sense to gene-Rv2181
Fwd-sRNA-1666,2443936,2443962,Sense to gene-Rv2181
Fwd-sRNA-1667,2443970,2443993,Sense to gene-Rv2181
Fwd-sRNA-1669,2444044,2444166,Sense to gene-Rv2181
Fwd-sRNA-1670,2444205,2444329,Sense to gene-Rv2181
Fwd-sRNA-1671,2450270,2450304,Antisense to gene-Rv2188c
Fwd-sRNA-1672,2456901,2456926,Intergenic
Fwd-sRNA-1673,2457044,2457088,Sense to gene-Rv2193
Fwd-sRNA-1674,2457235,2457255,Sense to gene-Rv2193
Fwd-sRNA-1675,2457395,2457691,Intergenic
Fwd-sRNA-1676,2457764,2457934,Sense to gene-Rv2194
Fwd-sRNA-1677,2458250,2458372,Sense to gene-Rv2194
Fwd-sRNA-1678,2458730,2458956,Sense to gene-Rv2195
Fwd-sRNA-1682,2459078,2459255,Sense to gene-Rv2195
Fwd-sRNA-1683,2459313,2459517,Sense to gene-Rv2195
Fwd-sRNA-1684,2459881,2460073,Sense to gene-Rv2196
Fwd-sRNA-1685,2460227,2460462,Sense to gene-Rv2196
Fwd-sRNA-1686,2460471,2460705,Sense to gene-Rv2196
Fwd-sRNA-1688,2461073,2461483,Sense to gene-Rv2196
Fwd-sRNA-1691,2464036,2464077,Antisense to gene-Rv2200c
Fwd-sRNA-1693,2468610,2468672,Sense to gene-Rv2203
Fwd-sRNA-1695,2468964,2469080,Antisense to gene-Rv2204c
Fwd-sRNA-1704,2479747,2479838,Sense to gene-Rv2213
Fwd-sRNA-1705,2481871,2481929,Intergenic
Fwd-sRNA-1706,2481941,2482047,Sense to gene-Rv2215
Fwd-sRNA-1707,2482067,2482109,Sense to gene-Rv2215
Fwd-sRNA-1708,2482163,2482219,Sense to gene-Rv2215
Fwd-sRNA-1709,2482281,2482356,Sense to gene-Rv2215
Fwd-sRNA-1710,2482424,2482470,Sense to gene-Rv2215
Fwd-sRNA-1711,2483004,2483046,Sense to gene-Rv2215
Fwd-sRNA-1713,2483232,2483345,Sense to gene-Rv2215
Fwd-sRNA-1714,2483578,2483863,Sense to gene-Rv2216
Fwd-sRNA-1716,2484495,2484576,Intergenic
Fwd-sRNA-1717,2484946,2484987,Sense to gene-Rv2217
Fwd-sRNA-1718,2485180,2485250,Sense to gene-Rv2217
Fwd-sRNA-1720,2485404,2485531,Sense to gene-Rv2218
Fwd-sRNA-1721,2485746,2485799,Sense to gene-Rv2218
Fwd-sRNA-1722,2485840,2485914,Sense to gene-Rv2218
Fwd-sRNA-1723,2485981,2486130,Sense to gene-Rv2218
Fwd-sRNA-1724,2486883,2487006,Sense to gene-Rv2219
Fwd-sRNA-1727,2487630,2487736,Sense to gene-Rv2220
Fwd-sRNA-1728,2488001,2488065,Sense to gene-Rv2220
Fwd-sRNA-1729,2488889,2488970,Sense to gene-Rv2220
Fwd-sRNA-1730,2489052,2489169,Intergenic
Fwd-sRNA-1731,2489205,2489251,Intergenic
Fwd-sRNA-1732,2497773,2497893,Sense to gene-Rv2225
Fwd-sRNA-1733,2498283,2498479,Sense to gene-Rv2225
Fwd-sRNA-1734,2498542,2498644,Intergenic
Fwd-sRNA-1736,2498791,2498944,Sense to gene-Rv2226
Fwd-sRNA-1737,2499023,2499135,Sense to gene-Rv2226
Fwd-sRNA-1738,2505691,2505766,Intergenic
Fwd-sRNA-1739,2508490,2508566,Antisense to gene-Rv2236c
Fwd-sRNA-1740,2510162,2510340,Sense to gene-Rv2237
Fwd-sRNA-1741,2513553,2513644,Sense to gene-Rv2241
Fwd-sRNA-1742,2514854,2514903,Sense to gene-Rv2241
Fwd-sRNA-1743,2514921,2515049,Sense to gene-Rv2241
Fwd-sRNA-1745,2515095,2515143,Sense to gene-Rv2241
Fwd-sRNA-1746,2515332,2515417,Sense to gene-Rv2242
Fwd-sRNA-1747,2517168,2517289,Sense to gene-Rv2243
Fwd-sRNA-1748,2517509,2517541,Sense to gene-Rv2243
Fwd-sRNA-1750,2517865,2517957,Sense to gene-Rv2244
Fwd-sRNA-1751,2518022,2518240,Sense to gene-Rv2245
Fwd-sRNA-1752,2518669,2518740,Sense to gene-Rv2245
Fwd-sRNA-1753,2519620,2519788,Sense to gene-Rv2246
Fwd-sRNA-1756,2521125,2521163,Sense to gene-Rv2247
Fwd-sRNA-1757,2521873,2521918,Sense to gene-Rv2247
Fwd-sRNA-1758,2522152,2522224,Intergenic
Fwd-sRNA-1759,2532425,2532532,Sense to gene-Rv2259
Fwd-sRNA-1760,2533019,2533086,Sense to gene-Rv2259
Fwd-sRNA-1761,2533843,2533982,Sense to gene-Rv2260
Fwd-sRNA-1764,2544382,2544459,Antisense to gene-Rv2269c
Fwd-sRNA-1765,2545605,2545634,Sense to gene-Rv2271
Fwd-sRNA-1766,2546790,2546836,Intergenic
Fwd-sRNA-1767,2547426,2547563,Sense to gene-Rv2275
Fwd-sRNA-1768,2554514,2554595,Sense to gene-Rv2281
Fwd-sRNA-1770,2560758,2560830,Sense to gene-Rv2287
Fwd-sRNA-1771,2562661,2562709,Sense to gene-Rv2290
Fwd-sRNA-1772,2562953,2563083,Sense to gene-Rv2290
Fwd-sRNA-1773,2563113,2563173,Intergenic
Fwd-sRNA-1777,2563244,2563378,Sense to gene-Rv2291
Fwd-sRNA-1778,2563428,2563453,Sense to gene-Rv2291
Fwd-sRNA-1779,2564095,2564150,Antisense to gene-Rv2292c
Fwd-sRNA-1780,2566767,2566812,Sense to gene-Rv2295
Fwd-sRNA-1782,2566907,2566937,Sense to gene-Rv2295
Fwd-sRNA-1783,2568046,2568158,Sense to gene-Rv2296
Fwd-sRNA-1784,2579678,2579754,Antisense to gene-Rv2307B
Fwd-sRNA-1785,2600111,2600569,Sense to gene-Rv2327
Fwd-sRNA-1786,2601538,2601701,Sense to gene-Rv2328
Fwd-sRNA-1789,2604380,2604414,Sense to gene-Rv2331
Fwd-sRNA-1792,2609250,2609288,Sense to gene-Rv2334
Fwd-sRNA-1793,2609372,2609507,Sense to gene-Rv2334
Fwd-sRNA-1796,2609763,2609829,Sense to gene-Rv2335
Fwd-sRNA-1797,2617210,2617305,Sense to gene-Rv2339
Fwd-sRNA-1799,2625871,2625924,Antisense to gene-Rv2346c
Fwd-sRNA-1800,2626665,2626732,Antisense to gene-Rv2348c
Fwd-sRNA-1803,2641266,2641313,Sense to gene-Rv2358
Fwd-sRNA-1809,2641838,2641920,Sense to gene-Rv2359
Fwd-sRNA-1810,2642063,2642136,Intergenic
Fwd-sRNA-1811,2644318,2644387,Sense to gene-Rv2363
Fwd-sRNA-1812,2649640,2649807,Antisense to gene-Rv2368c
Fwd-sRNA-1813,2659596,2659674,Antisense to gene-Rv2379c
Fwd-sRNA-1814,2680428,2680452,Intergenic
Fwd-sRNA-1816,2684489,2684549,Intergenic
Fwd-sRNA-1817,2684991,2685041,Sense to gene-Rv2391
Fwd-sRNA-1818,2685259,2685279,Sense to gene-Rv2391
Fwd-sRNA-1821,2685949,2686059,Sense to gene-Rv2391
Fwd-sRNA-1822,2686397,2686561,Sense to gene-Rv2392
Fwd-sRNA-1823,2686674,2686768,Sense to gene-Rv2392
Fwd-sRNA-1825,2687187,2687267,Sense to gene-Rv2393
Fwd-sRNA-1826,2687298,2687334,Sense to gene-Rv2393
Fwd-sRNA-1827,2688574,2688678,Sense to gene-Rv2394
Fwd-sRNA-1828,2688971,2689095,Sense to gene-Rv2394
Fwd-sRNA-1829,2690461,2690574,Sense to gene-Rv2395
Fwd-sRNA-1830,2692165,2692803,Sense to gene-RVnc0024
Fwd-sRNA-1831,2693121,2693203,Sense to gene-Rv2396
Fwd-sRNA-1832,2693767,2693958,Sense to gene-Rv2396
Fwd-sRNA-1833,2699092,2699201,Sense to gene-Rv2402
Fwd-sRNA-1834,2710046,2710067,Intergenic
Fwd-sRNA-1835,2710246,2710433,Intergenic
Fwd-sRNA-1836,2710462,2710576,Antisense to gene-Rv2413c
Fwd-sRNA-1837,2727017,2727080,Sense to gene-Rv2429
Fwd-sRNA-1838,2727482,2727521,Antisense to gene-Rv2430c
Fwd-sRNA-1839,2727582,2727603,Antisense to gene-Rv2430c
Fwd-sRNA-1840,2727948,2727994,Antisense to gene-Rv2431c
Fwd-sRNA-1841,2730010,2730040,Antisense to gene-Rv2434c
Fwd-sRNA-1842,2744417,2744689,Antisense to gene-Rv2444c
Fwd-sRNA-1845,2765505,2765819,Sense to gene-Rv2463
Fwd-sRNA-1846,2766575,2766732,Sense to gene-Rv2463
Fwd-sRNA-1847,2769606,2769643,Sense to gene-Rv2467
Fwd-sRNA-1850,2771272,2771315,Sense to gene-Rv2467
Fwd-sRNA-1851,2771326,2771383,Sense to gene-Rv2467
Fwd-sRNA-1852,2771391,2771411,Sense to gene-Rv2467
Fwd-sRNA-1855,2794171,2794252,Sense to gene-Rvnt28
Fwd-sRNA-1856,2821696,2821719,Intergenic
Fwd-sRNA-1857,2822065,2822143,Sense to gene-Rv2506
Fwd-sRNA-1858,2822266,2822311,Sense to gene-Rv2506
Fwd-sRNA-1859,2822548,2822582,Sense to gene-Rv2507
Fwd-sRNA-1860,2822832,2822875,Sense to gene-Rv2507
Fwd-sRNA-1862,2827370,2827447,Sense to gene-Rv2511
Fwd-sRNA-1863,2827849,2827968,Sense to gene-Rvnt29
Fwd-sRNA-1864,2829797,2829864,Intergenic
Fwd-sRNA-1865,2835398,2835812,Intergenic
Fwd-sRNA-1866,2836126,2836201,Sense to gene-Rv2519
Fwd-sRNA-1867,2836429,2836465,Sense to gene-Rv2519
Fwd-sRNA-1869,2836756,2836829,Sense to gene-Rv2519
Fwd-sRNA-1870,2836922,2837023,Sense to gene-Rv2519
Fwd-sRNA-1871,2837193,2837215,Sense to gene-Rv2519
Fwd-sRNA-1872,2865116,2865166,Sense to gene-Rv2542
Fwd-sRNA-1874,2866553,2866616,Sense to gene-Rv2543
Fwd-sRNA-1875,2868606,2868730,Intergenic
Fwd-sRNA-1876,2877732,2877813,Intergenic
Fwd-sRNA-1877,2883497,2883820,Sense to gene-Rv2564
Fwd-sRNA-1878,2888139,2888279,Sense to gene-Rv2566
Fwd-sRNA-1879,2890347,2890416,Sense to gene-Rv2567
Fwd-sRNA-1881,2899067,2899172,Sense to gene-Rv2574
Fwd-sRNA-1884,2907712,2907766,Sense to gene-Rv2582
Fwd-sRNA-1885,2913406,2913580,Antisense to gene-Rv2586c
Fwd-sRNA-1886,2916833,2916918,Sense to gene-Rv2589
Fwd-sRNA-1887,2916999,2917109,Sense to gene-Rv2589
Fwd-sRNA-1889,2917854,2918114,Sense to gene-Rv2590
Fwd-sRNA-1890,2918124,2918218,Sense to gene-Rv2590
Fwd-sRNA-1891,2918244,2918588,Sense to gene-Rv2590
Fwd-sRNA-1893,2918672,2918726,Sense to gene-Rv2590
Fwd-sRNA-1894,2918737,2918984,Sense to gene-Rv2590
Fwd-sRNA-1896,2919161,2919339,Sense to gene-Rv2590
Fwd-sRNA-1898,2919361,2919569,Sense to gene-Rv2590
Fwd-sRNA-1899,2919671,2920021,Sense to gene-Rv2590
Fwd-sRNA-1901,2920334,2920359,Sense to gene-Rv2590
Fwd-sRNA-1902,2920591,2920729,Sense to gene-Rv2590
Fwd-sRNA-1904,2920767,2920917,Sense to gene-Rv2590
Fwd-sRNA-1906,2921085,2921183,Sense to gene-Rv2590
Fwd-sRNA-1908,2921373,2921395,Intergenic
Fwd-sRNA-1910,2921455,2921536,Intergenic
Fwd-sRNA-1911,2925494,2925559,Sense to gene-Rv2595
Fwd-sRNA-1912,2925723,2925813,Sense to gene-Rv2596
Fwd-sRNA-1913,2950463,2950533,Antisense to gene-Rv2624c
Fwd-sRNA-1919,2955570,2955638,Intergenic
Fwd-sRNA-1920,2966405,2966455,Intergenic
Fwd-sRNA-1921,2966642,2966706,Sense to gene-Rv2642
Fwd-sRNA-1922,2968657,2968754,Antisense to gene-Rv2644c
Fwd-sRNA-1923,2969709,2969835,Sense to gene-Rvnt32
Fwd-sRNA-1924,2969841,2970016,Intergenic
Fwd-sRNA-1926,2978665,2978741,Antisense to gene-Rv2656c
Fwd-sRNA-1927,2978969,2979026,Antisense to gene-Rv2656c
Fwd-sRNA-1928,2982565,2982783,Intergenic
Fwd-sRNA-1930,2989171,2989210,Sense to gene-Rv2672
Fwd-sRNA-1931,2989217,2989317,Sense to gene-Rv2672
Fwd-sRNA-1932,2991117,2991178,Intergenic
Fwd-sRNA-1933,2995345,2995462,Sense to gene-Rv2679
Fwd-sRNA-1934,2996058,2996086,Intergenic
Fwd-sRNA-1938,3000056,3000145,Intergenic
Fwd-sRNA-1939,3001771,3001870,Sense to gene-Rv2684
Fwd-sRNA-1940,3009256,3009380,Intergenic
Fwd-sRNA-1941,3009584,3009628,Sense to gene-Rv2691
Fwd-sRNA-1945,3010007,3010127,Sense to gene-Rv2692
Fwd-sRNA-1946,3016870,3016996,Sense to gene-Rv2702
Fwd-sRNA-1947,3017002,3017088,Sense to gene-Rv2702
Fwd-sRNA-1949,3017766,3017829,Intergenic
Fwd-sRNA-1950,3018040,3018662,Sense to gene-Rv2703
Fwd-sRNA-1951,3018713,3018805,Sense to gene-Rv2703
Fwd-sRNA-1952,3019029,3019318,Sense to gene-Rv2703
Fwd-sRNA-1953,3019390,3019420,Sense to gene-Rv2703
Fwd-sRNA-1954,3019522,3019621,Sense to gene-Rv2704
Fwd-sRNA-1955,3020299,3020580,Antisense to gene-Rv2706c
Fwd-sRNA-1956,3020610,3020703,Sense to gene-Rv2707
Fwd-sRNA-1959,3021471,3021544,Sense to gene-Rv2707
Fwd-sRNA-1960,3021857,3021887,Sense to gene-Rv2709
Fwd-sRNA-1961,3022044,3022111,Sense to gene-Rv2709
Fwd-sRNA-1963,3023014,3023138,Sense to gene-Rv2710
Fwd-sRNA-1964,3023435,3023502,Intergenic
Fwd-sRNA-1965,3023550,3023634,Sense to gene-Rv2711
Fwd-sRNA-1966,3023647,3023755,Sense to gene-Rv2711
Fwd-sRNA-1967,3023872,3024052,Sense to gene-Rv2711
Fwd-sRNA-1968,3025432,3025590,Sense to gene-Rv2713
Fwd-sRNA-1970,3026805,3026887,Sense to gene-Rv2713
Fwd-sRNA-1973,3028535,3028606,Sense to gene-Rv2715
Fwd-sRNA-1974,3028612,3028648,Sense to gene-Rv2715
Fwd-sRNA-1975,3028671,3028706,Sense to gene-Rv2715
Fwd-sRNA-1976,3028714,3028863,Sense to gene-Rv2715
Fwd-sRNA-1977,3029006,3029060,Sense to gene-Rv2715
Fwd-sRNA-1978,3031788,3032041,Intergenic
Fwd-sRNA-1980,3032131,3032201,Sense to gene-Rv2720
Fwd-sRNA-1982,3056039,3056089,Antisense to gene-Rv2742c
Fwd-sRNA-1983,3061424,3061538,Antisense to gene-Rv2748c
Fwd-sRNA-1984,3064332,3064400,Sense to gene-Rv2751
Fwd-sRNA-1985,3079734,3079769,Antisense to gene-Rv2770c
Fwd-sRNA-1986,3081752,3081849,Antisense to gene-Rv2773c
Fwd-sRNA-1987,3082521,3082618,Antisense to gene-Rv2774c
Fwd-sRNA-1988,3109210,3109292,Sense to gene-Rv2800
Fwd-sRNA-1989,3112324,3112401,Intergenic
Fwd-sRNA-1991,3115295,3115375,Intergenic
Fwd-sRNA-1992,3123671,3123694,Antisense to gene-Rv2816c
Fwd-sRNA-1993,3145008,3145076,Antisense to gene-Rv2838c
Fwd-sRNA-1994,3145085,3145105,Antisense to gene-Rv2838c
Fwd-sRNA-1996,3148342,3148436,Antisense to gene-Rv2841c
Fwd-sRNA-1997,3150467,3150575,Sense to gene-Rv2843
Fwd-sRNA-1999,3151100,3151179,Sense to gene-Rv2844
Fwd-sRNA-2000,3154656,3154731,Antisense to gene-Rv2847c
Fwd-sRNA-2001,3166652,3166848,Sense to gene-Rv2856
Fwd-sRNA-2002,3183264,3183323,Sense to gene-Rv2871
Fwd-sRNA-2003,3183491,3183517,Sense to gene-Rv2872
Fwd-sRNA-2004,3194198,3194249,Antisense to gene-Rv2885c
Fwd-sRNA-2005,3196526,3196696,Sense to gene-Rv2887
Fwd-sRNA-2006,3196785,3196898,Sense to gene-Rv2887
Fwd-sRNA-2010,3214535,3214664,Intergenic
Fwd-sRNA-2011,3215554,3215662,Intergenic
Fwd-sRNA-2012,3218469,3218504,Sense to gene-Rv2911
Fwd-sRNA-2014,3218596,3218714,Sense to gene-Rv2911
Fwd-sRNA-2015,3219187,3219230,Sense to gene-Rv2911
Fwd-sRNA-2016,3242307,3242381,Sense to gene-Rv2928
Fwd-sRNA-2018,3242984,3243175,Sense to gene-Rv2929
Fwd-sRNA-2019,3243388,3243480,Intergenic
Fwd-sRNA-2020,3243517,3243565,Intergenic
Fwd-sRNA-2021,3243773,3244045,Sense to gene-Rv2930
Fwd-sRNA-2022,3244058,3244201,Sense to gene-Rv2930
Fwd-sRNA-2023,3244208,3244502,Sense to gene-Rv2930
Fwd-sRNA-2024,3244511,3244964,Sense to gene-Rv2930
Fwd-sRNA-2025,3245005,3245029,Sense to gene-Rv2930
Fwd-sRNA-2026,3245091,3245116,Sense to gene-Rv2930
Fwd-sRNA-2028,3245274,3245547,Sense to gene-Rv2930
Fwd-sRNA-2029,3245558,3245777,Sense to gene-Rv2931
Fwd-sRNA-2030,3246008,3246442,Sense to gene-Rv2931
Fwd-sRNA-2032,3246693,3246716,Sense to gene-Rv2931
Fwd-sRNA-2033,3246722,3246745,Sense to gene-Rv2931
Fwd-sRNA-2035,3246806,3246850,Sense to gene-Rv2931
Fwd-sRNA-2036,3246905,3246987,Sense to gene-Rv2931
Fwd-sRNA-2038,3247164,3247187,Sense to gene-Rv2931
Fwd-sRNA-2039,3247198,3247429,Sense to gene-Rv2931
Fwd-sRNA-2043,3248025,3248055,Sense to gene-Rv2931
Fwd-sRNA-2045,3248191,3248227,Sense to gene-Rv2931
Fwd-sRNA-2047,3248764,3248932,Sense to gene-Rv2931
Fwd-sRNA-2048,3249012,3249149,Sense to gene-Rv2931
Fwd-sRNA-2049,3249171,3249549,Sense to gene-Rv2931
Fwd-sRNA-2055,3249773,3249859,Sense to gene-Rv2931
Fwd-sRNA-2056,3249865,3250038,Sense to gene-Rv2931
Fwd-sRNA-2059,3250399,3250504,Sense to gene-Rv2931
Fwd-sRNA-2060,3250564,3250648,Sense to gene-Rv2931
Fwd-sRNA-2062,3250779,3250806,Sense to gene-Rv2931
Fwd-sRNA-2064,3250973,3251139,Sense to gene-Rv2931
Fwd-sRNA-2065,3251429,3251493,Sense to gene-Rv2932
Fwd-sRNA-2066,3252155,3252239,Sense to gene-Rv2932
Fwd-sRNA-2068,3252655,3252849,Sense to gene-Rv2932
Fwd-sRNA-2069,3253506,3253528,Sense to gene-Rv2932
Fwd-sRNA-2070,3253855,3253898,Sense to gene-Rv2932
Fwd-sRNA-2071,3253946,3254098,Sense to gene-Rv2932
Fwd-sRNA-2072,3254263,3254330,Sense to gene-Rv2932
Fwd-sRNA-2073,3254405,3254425,Sense to gene-Rv2932
Fwd-sRNA-2074,3254492,3254518,Sense to gene-Rv2932
Fwd-sRNA-2075,3254524,3254548,Sense to gene-Rv2932
Fwd-sRNA-2076,3255248,3255269,Sense to gene-Rv2932
Fwd-sRNA-2079,3255698,3255719,Sense to gene-Rv2933
Fwd-sRNA-2082,3256615,3256788,Sense to gene-Rv2933
Fwd-sRNA-2083,3256936,3257141,Sense to gene-Rv2933
Fwd-sRNA-2089,3258956,3258986,Sense to gene-Rv2933
Fwd-sRNA-2090,3259016,3259098,Sense to gene-Rv2933
Fwd-sRNA-2091,3259414,3259635,Sense to gene-Rv2933
Fwd-sRNA-2092,3259663,3259787,Sense to gene-Rv2933
Fwd-sRNA-2093,3260667,3260792,Sense to gene-Rv2933
Fwd-sRNA-2094,3261073,3261206,Sense to gene-Rv2933
Fwd-sRNA-2096,3261277,3261484,Sense to gene-Rv2933
Fwd-sRNA-2097,3262600,3262729,Sense to gene-Rv2934
Fwd-sRNA-2099,3263547,3263569,Sense to gene-Rv2934
Fwd-sRNA-2100,3263636,3263658,Sense to gene-Rv2934
Fwd-sRNA-2101,3264537,3264595,Sense to gene-Rv2934
Fwd-sRNA-2102,3264617,3264705,Sense to gene-Rv2934
Fwd-sRNA-2103,3264774,3264876,Sense to gene-Rv2934
Fwd-sRNA-2104,3265027,3265079,Sense to gene-Rv2934
Fwd-sRNA-2105,3265098,3265149,Sense to gene-Rv2934
Fwd-sRNA-2106,3265445,3265526,Sense to gene-Rv2934
Fwd-sRNA-2107,3266027,3266049,Sense to gene-Rv2934
Fwd-sRNA-2108,3266060,3266132,Sense to gene-Rv2934
Fwd-sRNA-2109,3266141,3266251,Sense to gene-Rv2934
Fwd-sRNA-2111,3267004,3267040,Sense to gene-Rv2934
Fwd-sRNA-2112,3267423,3267972,Sense to gene-Rv2934
Fwd-sRNA-2113,3268029,3268077,Sense to gene-Rv2935
Fwd-sRNA-2115,3268150,3268365,Sense to gene-Rv2935
Fwd-sRNA-2116,3268407,3268544,Sense to gene-Rv2935
Fwd-sRNA-2117,3268637,3268869,Sense to gene-Rv2935
Fwd-sRNA-2118,3268875,3268898,Sense to gene-Rv2935
Fwd-sRNA-2119,3268909,3269171,Sense to gene-Rv2935
Fwd-sRNA-2120,3269216,3269378,Sense to gene-Rv2935
Fwd-sRNA-2122,3269442,3269638,Sense to gene-Rv2935
Fwd-sRNA-2123,3269788,3269867,Sense to gene-Rv2935
Fwd-sRNA-2124,3269903,3269952,Sense to gene-Rv2935
Fwd-sRNA-2125,3269958,3269983,Sense to gene-Rv2935
Fwd-sRNA-2127,3270156,3270194,Sense to gene-Rv2935
Fwd-sRNA-2128,3270272,3270387,Sense to gene-Rv2935
Fwd-sRNA-2131,3270610,3270675,Sense to gene-Rv2935
Fwd-sRNA-2132,3270686,3270802,Sense to gene-Rv2935
Fwd-sRNA-2133,3270826,3271099,Sense to gene-Rv2935
Fwd-sRNA-2134,3271191,3271220,Sense to gene-Rv2935
Fwd-sRNA-2135,3271497,3271543,Sense to gene-Rv2935
Fwd-sRNA-2136,3271757,3271879,Sense to gene-Rv2935
Fwd-sRNA-2137,3271931,3272022,Sense to gene-Rv2935
Fwd-sRNA-2138,3272106,3272206,Sense to gene-Rv2935
Fwd-sRNA-2139,3272260,3272624,Sense to gene-Rv2936
Fwd-sRNA-2140,3272859,3273017,Sense to gene-Rv2936
Fwd-sRNA-2141,3273023,3273058,Sense to gene-Rv2936
Fwd-sRNA-2142,3273181,3273225,Sense to gene-Rv2936
Fwd-sRNA-2143,3273587,3273607,Sense to gene-Rv2937
Fwd-sRNA-2144,3273637,3273662,Sense to gene-Rv2937
Fwd-sRNA-2150,3274292,3274553,Sense to gene-Rv2938
Fwd-sRNA-2152,3275128,3275229,Sense to gene-Rv2939
Fwd-sRNA-2155,3283637,3283675,Sense to gene-Rv2941
Fwd-sRNA-2156,3284214,3284313,Sense to gene-Rv2941
Fwd-sRNA-2157,3284376,3284396,Sense to gene-Rv2941
Fwd-sRNA-2159,3284459,3284559,Sense to gene-Rv2941
Fwd-sRNA-2160,3284910,3284953,Sense to gene-Rv2941
Fwd-sRNA-2162,3285483,3285579,Sense to gene-Rv2942
Fwd-sRNA-2164,3285890,3285983,Sense to gene-Rv2942
Fwd-sRNA-2165,3286865,3286985,Sense to gene-Rv2942
Fwd-sRNA-2167,3287221,3287249,Sense to gene-Rv2942
Fwd-sRNA-2168,3287798,3287835,Sense to gene-Rv2942
Fwd-sRNA-2169,3287847,3287867,Intergenic
Fwd-sRNA-2170,3288056,3288091,Intergenic
Fwd-sRNA-2173,3304497,3304573,Sense to gene-Rv2952
Fwd-sRNA-2174,3304830,3304943,Sense to gene-Rv2952
Fwd-sRNA-2178,3309250,3309375,Sense to gene-Rv2956
Fwd-sRNA-2180,3316490,3316611,Sense to gene-Rv2964
Fwd-sRNA-2181,3318277,3318344,Intergenic
Fwd-sRNA-2182,3325973,3326293,Sense to gene-Rv2971
Fwd-sRNA-2183,3326745,3326869,Sense to gene-Rv2971
Fwd-sRNA-2184,3326885,3327047,Intergenic
Fwd-sRNA-2185,3327079,3327135,Antisense to gene-Rv2972c
Fwd-sRNA-2187,3331788,3331896,Intergenic
Fwd-sRNA-2190,3336514,3336773,Intergenic
Fwd-sRNA-2191,3343110,3343174,Intergenic
Fwd-sRNA-2192,3346165,3346267,Sense to gene-Rv2989
Fwd-sRNA-2193,3346357,3346481,Sense to gene-Rv2989
Fwd-sRNA-2194,3348406,3348529,Sense to gene-Rv2991
Fwd-sRNA-2195,3351376,3351450,Sense to gene-Rv2994
Fwd-sRNA-2196,3364982,3365077,Sense to gene-Rv3006
Fwd-sRNA-2197,3365342,3365470,Sense to gene-Rv3006
Fwd-sRNA-2198,3365485,3365509,Sense to gene-Rv3006
Fwd-sRNA-2199,3365613,3365914,Sense to gene-Rv3006
Fwd-sRNA-2200,3367227,3367349,Antisense to gene-Rv3009c
Fwd-sRNA-2201,3382616,3382683,Intergenic
Fwd-sRNA-2203,3389790,3389810,Sense to gene-Rv3030
Fwd-sRNA-2206,3390158,3390218,Sense to gene-Rv3031
Fwd-sRNA-2207,3390831,3390898,Sense to gene-Rv3031
Fwd-sRNA-2208,3391274,3391340,Sense to gene-Rv3031
Fwd-sRNA-2212,3398901,3398945,Antisense to gene-Rv3038c
Fwd-sRNA-2213,3405346,3405451,Sense to gene-Rv3044
Fwd-sRNA-2214,3405873,3406016,Sense to gene-Rv3044
Fwd-sRNA-2216,3407007,3407167,Sense to gene-Rv3045
Fwd-sRNA-2217,3407341,3407517,Antisense to gene-Rv3046c
Fwd-sRNA-2218,3425501,3425632,Intergenic
Fwd-sRNA-2219,3428622,3428704,Sense to gene-Rv3063
Fwd-sRNA-2220,3437008,3437030,Sense to gene-Rv3074
Fwd-sRNA-2221,3439425,3439454,Sense to gene-Rv3076
Fwd-sRNA-2222,3449471,3449502,Sense to gene-Rv3083
Fwd-sRNA-2223,3449521,3449544,Sense to gene-Rv3083
Fwd-sRNA-2224,3451769,3451840,Sense to gene-Rv3086
Fwd-sRNA-2225,3456948,3457009,Sense to gene-Rv3089
Fwd-sRNA-2226,3463970,3464054,Sense to gene-Rv3095
Fwd-sRNA-2228,3482987,3483050,Sense to gene-Rv3116
Fwd-sRNA-2233,3488597,3488702,Sense to gene-Rv3123
Fwd-sRNA-2234,3501205,3501232,Intergenic
Fwd-sRNA-2235,3501275,3501455,Sense to gene-Rv3135
Fwd-sRNA-2236,3501688,3501729,Sense to gene-Rv3135
Fwd-sRNA-2237,3501749,3501954,Sense to gene-Rv3136
Fwd-sRNA-2241,3502311,3502357,Sense to gene-Rv3136
Fwd-sRNA-2242,3502366,3502796,Sense to gene-Rv3136
Fwd-sRNA-2244,3503021,3503052,Antisense to gene-Rv3136A
Fwd-sRNA-2245,3503270,3503386,Intergenic
Fwd-sRNA-2246,3505462,3505510,Sense to gene-Rv3139
Fwd-sRNA-2249,3505871,3506005,Sense to gene-Rv3139
Fwd-sRNA-2250,3506080,3506325,Sense to gene-Rv3139
Fwd-sRNA-2252,3506354,3506418,Sense to gene-Rv3139
Fwd-sRNA-2253,3506445,3506581,Sense to gene-Rv3139
Fwd-sRNA-2254,3506754,3506798,Intergenic
Fwd-sRNA-2255,3506842,3507010,Sense to gene-Rv3140
Fwd-sRNA-2257,3507781,3508063,Sense to gene-Rv3140
Fwd-sRNA-2258,3512154,3512219,Sense to gene-Rv3146
Fwd-sRNA-2263,3514591,3514622,Sense to gene-Rv3148
Fwd-sRNA-2266,3514870,3514931,Sense to gene-Rv3149
Fwd-sRNA-2267,3514944,3514988,Sense to gene-Rv3149
Fwd-sRNA-2270,3516650,3516708,Sense to gene-Rv3150
Fwd-sRNA-2271,3516969,3517013,Sense to gene-Rv3151
Fwd-sRNA-2272,3517447,3517557,Sense to gene-Rv3151
Fwd-sRNA-2275,3521824,3521882,Sense to gene-Rv3154
Fwd-sRNA-2276,3522109,3522167,Sense to gene-Rv3155
Fwd-sRNA-2277,3522177,3522219,Sense to gene-Rv3155
Fwd-sRNA-2278,3522636,3522754,Sense to gene-Rv3156
Fwd-sRNA-2279,3524252,3524356,Sense to gene-Rv3157
Fwd-sRNA-2280,3526831,3526875,Sense to gene-Rv3158
Fwd-sRNA-2283,3556920,3556961,Sense to gene-Rv3190A
Fwd-sRNA-2285,3558709,3558763,Intergenic
Fwd-sRNA-2286,3567636,3567681,Sense to gene-Rv3197
Fwd-sRNA-2287,3567741,3567836,Sense to gene-Rv3197
Fwd-sRNA-2288,3567937,3567962,Sense to gene-Rv3197
Fwd-sRNA-2289,3568005,3568035,Sense to gene-Rv3197
Fwd-sRNA-2292,3581279,3581299,Sense to gene-Rv3203
Fwd-sRNA-2293,3581783,3581825,Antisense to gene-Rv3205c
Fwd-sRNA-2294,3582010,3582066,Antisense to gene-Rv3205c
Fwd-sRNA-2295,3583594,3583648,Antisense to gene-Rv3206c
Fwd-sRNA-2296,3584317,3584362,Antisense to gene-Rv3207c
Fwd-sRNA-2297,3585000,3585123,Sense to gene-Rv3208
Fwd-sRNA-2299,3585427,3585600,Sense to gene-Rv3208
Fwd-sRNA-2301,3586125,3586172,Intergenic
Fwd-sRNA-2306,3587950,3588066,Sense to gene-Rv3211
Fwd-sRNA-2307,3588127,3588209,Sense to gene-Rv3211
Fwd-sRNA-2308,3588398,3588554,Sense to gene-Rv3211
Fwd-sRNA-2309,3589195,3589336,Sense to gene-Rv3211
Fwd-sRNA-2310,3589409,3589540,Sense to gene-Rv3212
Fwd-sRNA-2312,3590269,3590685,Sense to gene-Rv3212
Fwd-sRNA-2314,3592159,3592253,Sense to gene-Rv3214
Fwd-sRNA-2315,3595603,3596023,Sense to gene-Rv3219
Fwd-sRNA-2316,3597808,3597982,Intergenic
Fwd-sRNA-2317,3598046,3598131,Antisense to gene-Rv3221A
Fwd-sRNA-2320,3599983,3600096,Sense to gene-Rv3224
Fwd-sRNA-2322,3600542,3600607,Sense to gene-Rv3224
Fwd-sRNA-2324,3611337,3611386,Sense to gene-Rv3235
Fwd-sRNA-2325,3647894,3648024,Sense to gene-Rv3267
Fwd-sRNA-2326,3649417,3649456,Sense to gene-Rv3268
Fwd-sRNA-2327,3649483,3649806,Sense to gene-Rv3268
Fwd-sRNA-2328,3650194,3650232,Intergenic
Fwd-sRNA-2331,3650494,3650690,Sense to gene-Rv3270
Fwd-sRNA-2332,3650798,3650918,Sense to gene-Rv3270
Fwd-sRNA-2333,3651059,3651100,Sense to gene-Rv3270
Fwd-sRNA-2334,3651379,3651701,Sense to gene-Rv3270
Fwd-sRNA-2335,3651864,3651981,Sense to gene-Rv3270
Fwd-sRNA-2338,3652887,3652968,Antisense to gene-Rv3271c
Fwd-sRNA-2339,3653204,3653264,Antisense to gene-Rv3271c
Fwd-sRNA-2340,3656192,3656288,Sense to gene-Rv3273
Fwd-sRNA-2341,3660160,3660235,Sense to gene-Rv3277
Fwd-sRNA-2342,3660339,3660398,Sense to gene-Rv3277
Fwd-sRNA-2343,3660476,3660674,Sense to gene-Rv3277
Fwd-sRNA-2344,3660739,3660875,Antisense to gene-Rv3278c
Fwd-sRNA-2345,3662118,3662197,Sense to gene-Rv3280
Fwd-sRNA-2346,3662253,3662291,Sense to gene-Rv3280
Fwd-sRNA-2347,3663000,3663114,Sense to gene-Rv3280
Fwd-sRNA-2349,3664991,3665097,Sense to gene-Rv3283
Fwd-sRNA-2350,3665498,3665584,Sense to gene-Rv3283
Fwd-sRNA-2351,3665690,3665735,Sense to gene-Rv3283
Fwd-sRNA-2352,3665782,3665837,Sense to gene-Rv3283
Fwd-sRNA-2353,3666021,3666173,Sense to gene-Rv3284
Fwd-sRNA-2356,3666307,3666583,Sense to gene-Rv3285
Fwd-sRNA-2357,3666656,3666735,Sense to gene-Rv3285
Fwd-sRNA-2358,3666913,3667043,Sense to gene-Rv3285
Fwd-sRNA-2359,3667214,3667234,Sense to gene-Rv3285
Fwd-sRNA-2361,3667275,3667425,Sense to gene-Rv3285
Fwd-sRNA-2362,3667454,3667491,Sense to gene-Rv3285
Fwd-sRNA-2363,3667746,3667872,Sense to gene-Rv3285
Fwd-sRNA-2365,3671872,3671969,Antisense to gene-Rv3291c
Fwd-sRNA-2366,3676230,3676308,Sense to gene-Rv3295
Fwd-sRNA-2367,3676374,3676411,Sense to gene-Rv3295
Fwd-sRNA-2368,3677701,3677772,Sense to gene-Rv3296
Fwd-sRNA-2369,3680680,3680837,Sense to gene-Rv3296
Fwd-sRNA-2370,3690941,3691065,Intergenic
Fwd-sRNA-2373,3714385,3714450,Sense to gene-Rv3329
Fwd-sRNA-2375,3715420,3715455,Sense to gene-Rv3329
Fwd-sRNA-2376,3717154,3717176,Sense to gene-Rv3331
Fwd-sRNA-2379,3717323,3717366,Sense to gene-Rv3331
Fwd-sRNA-2380,3724147,3724196,Intergenic
Fwd-sRNA-2382,3726732,3726859,Sense to gene-Rv3340
Fwd-sRNA-2383,3726878,3726928,Sense to gene-Rv3340
Fwd-sRNA-2384,3727307,3727360,Sense to gene-Rv3340
Fwd-sRNA-2387,3727701,3727744,Sense to gene-Rv3341
Fwd-sRNA-2388,3728251,3728299,Sense to gene-Rv3341
Fwd-sRNA-2390,3728852,3728995,Sense to gene-Rv3342
Fwd-sRNA-2395,3790309,3790410,Sense to gene-Rv3376
Fwd-sRNA-2396,3790730,3790758,Sense to gene-Rv3376
Fwd-sRNA-2398,3806055,3806089,Sense to gene-Rv3391
Fwd-sRNA-2399,3806098,3806169,Sense to gene-Rv3391
Fwd-sRNA-2400,3806224,3806248,Sense to gene-Rv3391
Fwd-sRNA-2408,3818685,3818772,Sense to gene-Rv3401
Fwd-sRNA-2410,3822590,3822691,Antisense to gene-Rv3403c
Fwd-sRNA-2411,3824406,3824551,Antisense to gene-Rv3404c
Fwd-sRNA-2412,3826272,3826470,Sense to gene-Rv3407
Fwd-sRNA-2413,3826528,3826717,Sense to gene-Rv3408
Fwd-sRNA-2414,3826771,3826809,Sense to gene-Rv3408
Fwd-sRNA-2415,3826979,3827128,Antisense to gene-Rv3409c
Fwd-sRNA-2416,3827207,3827316,Antisense to gene-Rv3409c
Fwd-sRNA-2417,3827322,3827402,Antisense to gene-Rv3409c
Fwd-sRNA-2418,3827527,3827699,Antisense to gene-Rv3409c
Fwd-sRNA-2419,3831805,3831961,Sense to gene-Rv3412
Fwd-sRNA-2420,3832002,3832211,Sense to gene-Rv3412
Fwd-sRNA-2421,3832288,3832370,Antisense to gene-Rv3413c
Fwd-sRNA-2422,3834991,3835254,Sense to gene-Rv3416
Fwd-sRNA-2423,3841611,3841741,Intergenic
Fwd-sRNA-2424,3847288,3847520,Sense to gene-Rv3429
Fwd-sRNA-2426,3860900,3860975,Antisense to gene-Rv3441c
Fwd-sRNA-2428,3881935,3881974,Sense to gene-Rv3464
Fwd-sRNA-2429,3882443,3882542,Sense to gene-Rv3464
Fwd-sRNA-2433,3882978,3883010,Sense to gene-Rv3465
Fwd-sRNA-2439,3895340,3895438,Sense to gene-Rv3478
Fwd-sRNA-2440,3899343,3899394,Antisense to gene-Rv3480c
Fwd-sRNA-2442,3903005,3903148,Intergenic
Fwd-sRNA-2443,3903889,3904194,Sense to gene-Rv3484
Fwd-sRNA-2445,3904282,3904310,Sense to gene-Rv3484
Fwd-sRNA-2447,3904416,3904463,Sense to gene-Rv3484
Fwd-sRNA-2448,3904559,3904682,Intergenic
Fwd-sRNA-2449,3908072,3908389,Sense to gene-Rv3489
Fwd-sRNA-2450,3908802,3908909,Sense to gene-Rv3490
Fwd-sRNA-2451,3908916,3909109,Sense to gene-Rv3490
Fwd-sRNA-2452,3909692,3909811,Intergenic
Fwd-sRNA-2454,3910109,3910221,Sense to gene-Rv3491
Fwd-sRNA-2455,3926504,3926647,Sense to gene-Rv3507
Fwd-sRNA-2456,3926655,3926677,Sense to gene-Rv3507
Fwd-sRNA-2457,3932212,3932261,Sense to gene-Rv3508
Fwd-sRNA-2458,3953337,3953398,Intergenic
Fwd-sRNA-2459,3956087,3956154,Sense to gene-Rv3519
Fwd-sRNA-2462,3956285,3956405,Antisense to gene-Rv3520c
Fwd-sRNA-2463,3960030,3960242,Sense to gene-Rv3523
Fwd-sRNA-2464,3961074,3961110,Sense to gene-Rv3524
Fwd-sRNA-2465,3961129,3961167,Sense to gene-Rv3524
Fwd-sRNA-2466,3961330,3961374,Sense to gene-Rv3524
Fwd-sRNA-2467,3961380,3961400,Sense to gene-Rv3524
Fwd-sRNA-2472,3990476,3990586,Sense to gene-Rv3551
Fwd-sRNA-2473,3990678,3990836,Sense to gene-Rv3551
Fwd-sRNA-2474,3991819,3991987,Sense to gene-Rv3553
Fwd-sRNA-2475,3994763,3994831,Intergenic
Fwd-sRNA-2476,3995671,3995709,Antisense to gene-Rv3555c
Fwd-sRNA-2480,4003637,4003711,Sense to gene-Rv3562
Fwd-sRNA-2481,4005994,4006057,Sense to gene-Rv3564
Fwd-sRNA-2482,4010020,4010042,Antisense to gene-Rv3568c
Fwd-sRNA-2486,4016288,4016353,Intergenic
Fwd-sRNA-2487,4017088,4017169,Antisense to gene-Rv3575c
Fwd-sRNA-2488,4021407,4021441,Intergenic
Fwd-sRNA-2489,4030799,4030910,Sense to gene-Rv3589
Fwd-sRNA-2490,4035615,4035672,Sense to gene-Rv3593
Fwd-sRNA-2495,4071680,4071721,Intergenic
Fwd-sRNA-2497,4072826,4072846,Antisense to gene-Rv3634c
Fwd-sRNA-2499,4079743,4079811,Intergenic
Fwd-sRNA-2502,4083321,4083355,Sense to gene-Rv3645
Fwd-sRNA-2503,4083502,4083653,Sense to gene-Rv3645
Fwd-sRNA-2504,4083737,4083852,Sense to gene-Rv3645
Fwd-sRNA-2506,4083881,4083926,Sense to gene-Rv3645
Fwd-sRNA-2507,4083932,4084065,Sense to gene-Rv3645
Fwd-sRNA-2509,4084218,4084326,Sense to gene-Rv3645
Fwd-sRNA-2510,4084406,4084485,Sense to gene-Rv3645
Fwd-sRNA-2514,4092839,4092937,Intergenic
Fwd-sRNA-2515,4100684,4100983,Sense to gene-RVnc0036a
Fwd-sRNA-2516,4101154,4101232,Intergenic
Fwd-sRNA-2517,4105717,4105756,Antisense to gene-Rv3666c
Fwd-sRNA-2519,4108147,4108181,Sense to gene-Rv3667
Fwd-sRNA-2521,4111331,4111454,Sense to gene-Rv3670
Fwd-sRNA-2522,4116553,4116616,Sense to gene-Rv3676
Fwd-sRNA-2523,4119099,4119175,Sense to gene-Rv3679
Fwd-sRNA-2524,4119253,4119366,Sense to gene-Rv3679
Fwd-sRNA-2525,4119454,4119638,Sense to gene-Rv3679
Fwd-sRNA-2526,4119688,4119751,Sense to gene-Rv3679
Fwd-sRNA-2527,4119763,4120017,Sense to gene-Rv3680
Fwd-sRNA-2528,4120049,4120414,Sense to gene-Rv3680
Fwd-sRNA-2533,4120507,4120535,Sense to gene-Rv3680
Fwd-sRNA-2538,4120880,4120995,Sense to gene-Rv3680
Fwd-sRNA-2539,4122146,4122275,Sense to gene-Rv3682
Fwd-sRNA-2540,4122370,4122452,Sense to gene-Rv3682
Fwd-sRNA-2541,4122514,4122627,Sense to gene-Rv3682
Fwd-sRNA-2542,4122639,4122670,Sense to gene-Rv3682
Fwd-sRNA-2544,4123136,4123244,Sense to gene-Rv3682
Fwd-sRNA-2545,4123918,4124023,Sense to gene-Rv3682
Fwd-sRNA-2547,4124980,4125068,Sense to gene-Rv3683
Fwd-sRNA-2550,4126533,4126628,Sense to gene-Rvnt40
Fwd-sRNA-2551,4142044,4142167,Intergenic
Fwd-sRNA-2552,4153531,4153607,Intergenic
Fwd-sRNA-2553,4153620,4153721,Intergenic
Fwd-sRNA-2554,4153919,4153960,Sense to gene-Rv3710
Fwd-sRNA-2555,4154826,4154895,Sense to gene-Rv3710
Fwd-sRNA-2558,4168338,4168604,Intergenic
Fwd-sRNA-2559,4168651,4168731,Sense to gene-Rv3723
Fwd-sRNA-2562,4168992,4169095,Sense to gene-Rv3723
Fwd-sRNA-2565,4169291,4169387,Intergenic
Fwd-sRNA-2566,4170922,4171033,Sense to gene-Rv3725
Fwd-sRNA-2568,4182363,4182478,Sense to gene-Rv3731
Fwd-sRNA-2569,4187686,4187754,Sense to gene-Rv3737
Fwd-sRNA-2570,4188717,4188799,Sense to gene-Rv3737
Fwd-sRNA-2573,4189896,4189982,Antisense to gene-Rv3738c
Fwd-sRNA-2574,4192137,4192231,Antisense to gene-Rv3741c
Fwd-sRNA-2575,4200731,4200882,Sense to gene-Rv3754
Fwd-sRNA-2580,4209431,4209492,Sense to gene-Rv3763
Fwd-sRNA-2584,4218849,4219116,Intergenic
Fwd-sRNA-2585,4220013,4220045,Sense to gene-Rv3775
Fwd-sRNA-2586,4220322,4220359,Sense to gene-Rv3775
Fwd-sRNA-2587,4221221,4221281,Sense to gene-Rv3776
Fwd-sRNA-2588,4221789,4221854,Sense to gene-Rv3776
Fwd-sRNA-2589,4226898,4226927,Sense to gene-Rv3779
Fwd-sRNA-2590,4226935,4226980,Sense to gene-Rv3779
Fwd-sRNA-2591,4227026,4227059,Sense to gene-Rv3780
Fwd-sRNA-2593,4228708,4228865,Sense to gene-Rv3782
Fwd-sRNA-2594,4229050,4229089,Sense to gene-Rv3782
Fwd-sRNA-2595,4229112,4229163,Sense to gene-Rv3782
Fwd-sRNA-2596,4229479,4229540,Sense to gene-Rv3783
Fwd-sRNA-2598,4237188,4237225,Sense to gene-Rv3791
Fwd-sRNA-2599,4237939,4237983,Sense to gene-Rv3792
Fwd-sRNA-2600,4238112,4238190,Sense to gene-Rv3792
Fwd-sRNA-2601,4243550,4243682,Sense to gene-Rv3794
Fwd-sRNA-2604,4246668,4246748,Sense to gene-Rv3795
Fwd-sRNA-2605,4247378,4247465,Sense to gene-Rv3795
Fwd-sRNA-2606,4247683,4247796,Sense to gene-Rv3795
Fwd-sRNA-2607,4263409,4263486,Antisense to gene-Rv3802c
Fwd-sRNA-2608,4264694,4264754,Antisense to gene-Rv3803c
Fwd-sRNA-2609,4272550,4272690,Antisense to gene-Rv3809c
Fwd-sRNA-2610,4273972,4274134,Sense to gene-Rv3810
Fwd-sRNA-2611,4274150,4274255,Sense to gene-Rv3810
Fwd-sRNA-2612,4274269,4274386,Sense to gene-Rv3810
Fwd-sRNA-2613,4274595,4274638,Intergenic
Fwd-sRNA-2614,4274861,4274929,Sense to gene-Rv3811
Fwd-sRNA-2615,4274936,4275109,Sense to gene-Rv3811
Fwd-sRNA-2616,4275558,4275774,Sense to gene-Rv3811
Fwd-sRNA-2619,4285213,4285257,Antisense to gene-Rv3820c
Fwd-sRNA-2620,4285882,4285996,Intergenic
Fwd-sRNA-2621,4286853,4286965,Sense to gene-Rv3822
Fwd-sRNA-2622,4287597,4287721,Sense to gene-Rv3822
Fwd-sRNA-2623,4288133,4288167,Intergenic
Fwd-sRNA-2624,4309233,4309305,Sense to gene-Rv3835
Fwd-sRNA-2625,4309718,4309823,Sense to gene-Rv3835
Fwd-sRNA-2626,4314178,4314303,Intergenic
Fwd-sRNA-2627,4314791,4314824,Antisense to gene-Rv3842c
Fwd-sRNA-2628,4314941,4314972,Antisense to gene-Rv3842c
Fwd-sRNA-2629,4320669,4320702,Intergenic
Fwd-sRNA-2630,4322194,4322327,Intergenic
Fwd-sRNA-2632,4323899,4323951,Intergenic
Fwd-sRNA-2633,4323978,4324007,Intergenic
Fwd-sRNA-2634,4324079,4324126,Sense to gene-Rv3850
Fwd-sRNA-2635,4324857,4324929,Sense to gene-Rv3851
Fwd-sRNA-2636,4325095,4325147,Sense to gene-Rv3852
Fwd-sRNA-2637,4325248,4325333,Sense to gene-Rv3852
Fwd-sRNA-2638,4327607,4327724,Sense to gene-Rv3855
Fwd-sRNA-2640,4339273,4339327,Sense to gene-Rv3863
Fwd-sRNA-2641,4342635,4342717,Sense to gene-Rv3866
Fwd-sRNA-2642,4342741,4342769,Intergenic
Fwd-sRNA-2643,4343293,4343543,Sense to gene-Rv3868
Fwd-sRNA-2644,4343911,4343965,Sense to gene-Rv3868
Fwd-sRNA-2645,4344724,4344791,Sense to gene-Rv3868
Fwd-sRNA-2646,4344799,4344821,Sense to gene-Rv3868
Fwd-sRNA-2647,4345039,4345089,Intergenic
Fwd-sRNA-2648,4345174,4345283,Sense to gene-Rv3869
Fwd-sRNA-2649,4345329,4345373,Sense to gene-Rv3869
Fwd-sRNA-2650,4345509,4345621,Sense to gene-Rv3869
Fwd-sRNA-2651,4345664,4345794,Sense to gene-Rv3869
Fwd-sRNA-2652,4346079,4346135,Sense to gene-Rv3869
Fwd-sRNA-2653,4346243,4346366,Sense to gene-Rv3869
Fwd-sRNA-2655,4347111,4347186,Sense to gene-Rv3870
Fwd-sRNA-2656,4347322,4347399,Sense to gene-Rv3870
Fwd-sRNA-2657,4347473,4347547,Sense to gene-Rv3870
Fwd-sRNA-2658,4347919,4347953,Sense to gene-Rv3870
Fwd-sRNA-2660,4349667,4349778,Sense to gene-Rv3871
Fwd-sRNA-2661,4349834,4349916,Sense to gene-Rv3871
Fwd-sRNA-2662,4350612,4350672,Intergenic
Fwd-sRNA-2663,4350958,4351003,Sense to gene-Rv3872
Fwd-sRNA-2664,4351265,4351376,Sense to gene-Rv3873
Fwd-sRNA-2665,4351498,4351626,Sense to gene-Rv3873
Fwd-sRNA-2666,4351632,4351756,Sense to gene-Rv3873
Fwd-sRNA-2668,4352241,4352269,Intergenic
Fwd-sRNA-2669,4352481,4352601,Sense to gene-Rv3874
Fwd-sRNA-2670,4352658,4352980,Sense to gene-Rv3875
Fwd-sRNA-2671,4353711,4353807,Sense to gene-Rv3876
Fwd-sRNA-2672,4356504,4356625,Intergenic
Fwd-sRNA-2674,4356973,4357045,Sense to gene-Rv3878
Fwd-sRNA-2675,4372921,4373212,Antisense to gene-Rv3889c
Fwd-sRNA-2676,4393190,4393358,Intergenic
Fwd-sRNA-2677,4394643,4394749,Sense to gene-Rv3909
Fwd-sRNA-2678,4394876,4394940,Sense to gene-Rv3909
Fwd-sRNA-2679,4395310,4395408,Sense to gene-Rv3909
Fwd-sRNA-2680,4396020,4396080,Sense to gene-Rv3909
Fwd-sRNA-2681,4396120,4396311,Sense to gene-Rv3909
Fwd-sRNA-2682,4399786,4399899,Sense to gene-Rv3910
Fwd-sRNA-2683,4399926,4400094,Sense to gene-Rv3910
Fwd-sRNA-2684,4403156,4403266,Sense to gene-Rv3915
Fwd-sRNA-2685,4403311,4403377,Sense to gene-Rv3915
Fwd-sRNA-2687,4403961,4404043,Sense to gene-Rv3915
Fwd-sRNA-2689,4411261,4411505,Intergenic
